identifier,group
A0A267FLT7_IPR045860_1_40-116,none
A0A3B5M3Y7_IPR045860_1_54-113,mixture
A0A3M0KDK7_IPR045860_1_1076-1149,none
A0A8R1I3M6_IPR045860_1_23-72,mixture
A0A974HZ79_IPR045860_1_25-111,none
A0A8T1S5D0_IPR026524_1_5-155,none
G3IJA7_IPR039457_1_2-85,mixture
A0A1D1VU07_IPR031424_1_29-119,mixture
A0A1S3KC57_IPR031424_1_20-112,none
A0A6A4II55_IPR031424_1_22-134,none
A0A6L2PLK9_IPR031424_1_31-84,none
A0A8J5UUP8_IPR031424_1_24-113,none
A0A9P1HMJ8_IPR031424_1_22-124,mixture
A0AAE9DKX9_IPR031424_1_24-108,mixture
A0AAV2Q359_IPR031424_1_4-107,mixture
N6U7S0_IPR031424_1_20-121,mixture
A0A0E3KK09_IPR045860_1_18-72,none
A0AAV6ZHU2_IPR045860_2_1-71,Ly6
A0A2G8LPQ2_IPR039457_1_28-79,Ly6
A0A814JAT2_IPR039457_1_21-152,mixture
A0A0C9R4W4_IPR045860_1_44-107,none
A0A182UDP1_IPR031424_1_44-102,none
A0A1W0WDQ5_IPR031424_1_33-112,mixture
A0AAD5N1P7_IPR031424_1_105-184,mixture
A0AAD8AAY3_IPR045860_1_21-109,mixture
A0A0B2V963_IPR045860_1_20-161,none
A0A0D6LIU7_IPR045860_1_14-89,none
A0A0E3N0J1_IPR045860_2_115-164,none
A0A0N4XU23_IPR045860_1_25-89,none
A0A0N5CIB9_IPR045860_1_21-101,mixture
A0A8K0DCZ5_IPR031424_1_22-127,mixture
A0A8S1DL92_IPR031424_1_27-148,none
A0A9P0CUQ1_IPR031424_1_6-72,none
A0A9X6RMU7_IPR045860_1_25-110,Quiver
A0A1D1UYT9_IPR045860_1_21-129,none
A0A2A6B6L1_IPR045860_1_100-180,none
A0A2J7QX46_IPR045860_1_41-138,none
A0A4U5M493_IPR045860_1_38-124,Ly6
A0A665TET0_IPR045860_1_28-104,none
A0A671NB32_IPR045860_1_16-104,none
A0A673LHZ0_IPR045860_1_21-85,mixture
A0A673M2A3_IPR045860_1_29-111,none
A0A6V7LM87_IPR045860_1_10-69,none
A0A814TN66_IPR045860_1_28-106,none
A0A8C4N7W8_IPR045860_1_1-66,none
A0A8C9JH24_IPR045860_1_16-78,none
A0A8I3NIA7_IPR045860_1_56-108,none
A0A8I6TGV3_IPR045860_1_38-140,none
A0A8T0FTV2_IPR045860_1_20-120,none
K1RXF0_IPR045860_1_16-71,none
Q9UAG0_IPR045860_1_135-224,none
Centipede3FTx_0020_1255758,manually_annotated
Centipede3FTx_0116_1255758,manually_annotated
A0A835NMH4_IPR045860_2_101-189,mixture
A0A8B6DF61_IPR045860_1_105-184,mixture
A0A672HY65_IPR045860_1_120-170,Ly6
A0A803K3X8_IPR045860_4_114-171,mixture
A0A8J5ZVT7_IPR045860_2_269-362,mixture
A0A914F127_IPR045860_1_16-108,mixture
A0A974CHI4_IPR045860_2_6-89,Ly6
A0AA35KMQ0_IPR045860_2_112-193,Ly6
A0AA35LGT7_IPR045860_3_210-288,Ly6
A0AAD1WMY1_IPR016054_1_27-122,mostly_Ly6
A0AAW0MGA1_IPR045860_1_22-90,Ly6
A0AAW1AX84_IPR045860_3_2-64,Ly6
C3YU70_IPR016054_2_188-286,mixture
A0A4D9DMT8_IPR026524_1_6-213,none
A0A3S1A7L4_IPR045860_1_37-138,none
A0A4S2M8K0_IPR045860_1_123-197,none
A0A4U5NHD1_IPR045860_1_2-61,Ly6
A0A8C9F626_IPR045860_1_38-116,none
A0A8D8NQH8_IPR045860_1_2-93,none
A0A8S3DI61_IPR045860_1_18-78,none
A0A8S4PCU4_IPR045860_1_21-110,mixture
A0A915BK86_IPR045860_1_23-119,none
A0A9X0A6E7_IPR045860_1_115-197,mixture
A0AA36DG82_IPR045860_1_71-136,none
A0AAD8EEK7_IPR045860_1_3-61,none
A0AAD9JZG4_IPR045860_1_52-152,none
A0AAF3EK38_IPR045860_2_454-508,none
A0AAN8WWG0_IPR045860_1_52-159,none
A0AAU9XBH8_IPR045860_1_26-98,mixture
A0AAV2RAV7_IPR045860_1_21-125,Ly6
A0AAV4HYB8_IPR045860_1_806-874,none
A0AAW0MKZ9_IPR045860_1_6-86,Ly6
A0AAW1UIJ1_IPR045860_1_22-124,mixture
A7RR40_IPR045860_1_16-114,none
Centipede3FTx_0018_1255758,manually_annotated
Centipede3FTx_0082_61981,manually_annotated
Centipede3FTx_0114_984703,manually_annotated
A0A7J8GR77_IPR039237_1_28-103,none
A0ABD2PTL5_IPR045860_1_26-129,none
A0ABD3XW80_IPR031424_1_25-99,mixture
A0A0E9SDH0_IPR045860_1_25-101,none
A0A183IHQ7_IPR045860_1_10-85,mixture
A0A498P1F1_IPR045860_1_142-201,none
A0A4U5M496_IPR045860_2_11-97,none
A0A7M5XIW4_IPR045860_1_18-108,mixture
A0A813MG68_IPR045860_1_9-84,none
A0A813SLY4_IPR045860_1_23-93,mixture
A0A8B8VNU3_IPR045860_1_12-92,Ly6
A0A8J6HG74_IPR045860_1_18-111,none
A0A8S1DBV9_IPR045860_1_45-144,none
A0A914TAE8_IPR045860_1_21-103,none
A0A915PPZ6_IPR045860_1_17-66,mixture
A0A9Q0S813_IPR045860_1_22-90,none
A0A9W9Z870_IPR045860_1_1-69,none
A0AAF3EMZ2_IPR045860_1_27-97,none
A0AAJ7RD29_IPR045860_1_25-99,none
A0AAN5IB82_IPR045860_1_68-152,none
A0ABD0LAW8_IPR045860_1_65-122,none
E4YHX6_IPR045860_1_49-128,Ly6
Q9UAG2_IPR045860_1_225-308,none
A0A093PEP6_IPR045860_1_1-52,none
A0A814EPP6_IPR045860_1_21-86,mixture
A0A061HV01_IPR016054_1_88-181,Ly6
A0A0B5GR50_IPR045860_2_18-105,mixture
A0A452FY47_IPR045860_1_120-182,Ly6
A0A668TLB4_IPR045860_1_109-188,Ly6
A0A6P7MES0_IPR045860_1_113-221,mixture
A0A8C2ME16_IPR045860_2_46-100,none
A0A8D2E104_IPR045860_3_191-240,none
A0A8W8KDT8_IPR016054_1_125-182,none
A0A9F2WG88_IPR045860_2_22-118,Ly6
A0AA35KP80_IPR045860_2_111-170,Ly6
A0AAW1EXL6_IPR045860_1_3-71,Ly6
A0A834UG43_IPR039457_1_93-163,mixture
A0A8J9VF79_IPR039457_1_30-89,none
A0A1I7SHS9_IPR031424_1_20-102,mixture
A0A430Q2G9_IPR031424_1_19-82,Quiver
A0AAJ7ITS2_IPR031424_1_24-150,mixture
A0AAW1NBZ3_IPR031424_1_20-132,none
A0ABD2QAB0_IPR031424_1_71-210,mixture
V5GYU3_IPR031424_1_27-92,none
A0A016WST8_IPR045860_1_76-178,none
A0A182DZD6_IPR045860_1_27-76,none
A0A1I7RK48_IPR045860_1_8-67,none
A0A210Q2J1_IPR045860_2_124-206,mixture
A0A2A6B8C4_IPR045860_1_55-114,mixture
A0A2G9R7K9_IPR045860_1_1-84,Ly6
A0A3B4B5Q2_IPR045860_1_9-87,none
A0A3Q2UYB1_IPR045860_1_33-87,mixture
A0A4W3J9B0_IPR045860_1_29-103,none
A0A6G0HK90_IPR045860_1_45-107,none
A0A6P9DRR7_IPR045860_1_17-89,mixture
A0A6V7TRM7_IPR045860_1_1-58,none
A0A814M5W0_IPR045860_1_17-119,none
A0A898IKW1_IPR045860_1_12-74,mixture
A0A915BQP4_IPR045860_1_20-113,none
A0AA36C6F4_IPR045860_1_61-137,none
A0AA36M549_IPR045860_1_23-83,none
A0AAD9QQA3_IPR045860_1_22-102,none
A0AAN9Z0K7_IPR045860_1_23-109,none
A0AAW0MVP7_IPR045860_1_186-239,Ly6
A0AAX6SC57_IPR045860_1_44-100,Ly6
T2MGF9_IPR045860_1_24-129,none
Centipede3FTx_0119_1255758,manually_annotated
A0A6B0S6F5_IPR016054_1_24-99,none
A0A504YEI6_IPR045860_1_9-67,none
A0A5N4CGH2_IPR045860_1_28-90,none
A0A9D4MDK6_IPR045860_1_34-113,mixture
A0A151NAK5_IPR016054_1_142-200,Ly6
A0A8C3P577_IPR016054_1_21-108,Ly6
A0AA35KMR6_IPR016054_1_148-214,Ly6
A0AAV7PX70_IPR045860_2_203-292,Ly6
G3UDR6_IPR051445_1_7-126,mixture
Centipede3FTx_0002_61981,mixture
Centipede3FTx_0034_61981,manually_annotated
Centipede3FTx_0130_1255758,manually_annotated
A0A2G5UGY6_IPR045860_1_11-84,none
A0A452QH48_IPR045860_1_18-78,mixture
A0A643BR30_IPR045860_1_4-67,none
A0A6I8RYL8_IPR045860_1_14-87,mixture
A0A8C2RF78_IPR035076_1_32-90,none
A0A8C3JMR5_IPR045860_1_1-66,none
A0AAN5DDC6_IPR045860_1_29-96,mixture
G3V0Z9_IPR045860_1_12-75,none
A0A096LTF5_IPR016054_2_112-188,mixture
A0A0F7JHR5_IPR045860_2_115-198,mixture
A0A0H4AC90_IPR045860_1_1-84,mostly_Ly6
A0A4D9DJB4_IPR045860_4_567-619,Ly6
A0A6I8PU52_IPR016054_2_217-299,Ly6
A0A7J8C8R7_IPR016054_1_22-94,Ly6
A0A8D0UEP2_IPR026524_1_10-132,mixture
M7B2W8_IPR045860_1_103-155,mixture
A0A8C3SCR7_IPR026524_1_6-286,none
A0A1A8RH00_IPR039457_1_5-88,mixture
A0A1D1VG99_IPR031424_1_70-203,mixture
A0A1D2NLW9_IPR031424_1_23-153,Quiver
A0A226EVU9_IPR031424_1_54-155,none
A0A6J1WMJ4_IPR031424_1_24-133,mixture
A0A0C2MH32_IPR045860_1_1-73,none
A0A1D2MG66_IPR045860_1_25-115,none
A0A1I7Y769_IPR045860_1_19-117,none
A0A1I8IX46_IPR045860_1_319-392,none
A0A4S2MLE7_IPR045860_1_36-111,none
A0A4U5NI55_IPR045860_1_19-94,mixture
A0A7M5VEA9_IPR045860_1_33-105,none
A0A7S3G3U3_IPR045860_1_2-54,none
A0A834A2I1_IPR045860_1_24-95,none
A0A8B6GU07_IPR045860_1_11-102,mixture
A0A8C5QXT3_IPR045860_1_53-106,mixture
A0A8J5JX50_IPR045860_1_71-166,mixture
A0A8K0F306_IPR045860_1_23-130,Ly6
A0A8S3ZH90_IPR045860_1_1-79,none
A0A914USH5_IPR045860_1_15-100,none
A0A915DFY2_IPR045860_1_15-80,mixture
A0A9P0DTR9_IPR045860_1_1-58,none
A0A9P1MMA3_IPR045860_1_27-105,mixture
A0A9W2Z002_IPR045860_1_18-92,none
A0A9W9YJ69_IPR045860_1_16-79,none
A0AA85JZT4_IPR045860_1_28-94,mixture
A0AAD9NTI8_IPR045860_1_19-83,none
A0AAE0W1W7_IPR045860_1_20-75,none
A0AAE1GRD3_IPR045860_1_32-133,mixture
M1ZMI5_IPR045860_1_3-54,mixture
R7VD63_IPR045860_1_180-235,none
W5MLI6_IPR045860_1_1-65,mixture
Centipede3FTx_0067_1255758,manually_annotated
Centipede3FTx_0099_984703,manually_annotated
A0A090LL14_IPR003571_1_32-90,none
A0A8C3SXJ0_IPR045860_1_14-67,none
A0A8C9F6M2_IPR035076_1_14-65,none
M3XSN1_IPR045860_1_65-143,none
A0A1L6Z9Y5_IPR026524_1_1-149,Ly6
A0A2Y9RVA8_IPR016054_1_239-303,mostly_Ly6
A0A6P7YUZ6_IPR045860_2_114-195,mixture
A0A8J6B5V3_IPR045860_2_124-181,mixture
A0AAD5KP77_IPR016054_1_20-118,mixture
A6J8Z0_IPR016054_1_69-200,mixture
A0A0L0BZ61_IPR031424_1_35-125,none
A0A1B0GHW8_IPR031424_1_36-128,mixture
A0A1D1VGV8_IPR031424_1_79-178,Quiver
A0A226EYN6_IPR031424_1_49-136,Quiver
A0A6G1SPW6_IPR031424_1_43-183,Quiver
A0A834IJZ1_IPR031424_1_21-82,none
A0A8I6RMI4_IPR031424_1_20-124,mixture
A0A8J5MU39_IPR031424_1_24-110,none
A0A914WJK0_IPR031424_1_20-145,none
A0A9J6CMN1_IPR031424_1_155-254,none
A0A9N9WRV6_IPR031424_1_23-109,none
A0A2I0TMY7_IPR045860_1_43-134,none
A0A3P7HPH2_IPR045860_1_12-82,none
A0A7I8WE53_IPR045860_1_16-88,mixture
A0A7R8X7B2_IPR045860_1_59-148,mixture
A0A814REP6_IPR031424_1_35-84,none
A0A834IMY6_IPR031424_1_24-126,none
A0A8J9Y1Z9_IPR031424_1_58-155,mixture
A0A914BR59_IPR031424_1_24-151,mixture
A0A9C6W8C0_IPR031424_1_24-106,none
A0A9D4HCE9_IPR031424_1_22-103,Quiver
A0A9N9WWP9_IPR031424_1_24-110,none
A0A336LZR2_IPR045860_1_251-335,none
A0A6J1LKZ0_IPR045860_1_48-147,none
A0A7I8X8P6_IPR045860_1_79-163,none
A0A9W9YJR1_IPR045860_1_20-117,mixture
A0A9X0D834_IPR045860_1_21-105,none
A0AAV4D142_IPR045860_1_32-83,none
A0AAV5TCP7_IPR045860_1_13-73,none
A0AAW1C869_IPR045860_1_16-82,none
A0ABD0PZK3_IPR045860_1_34-90,none
D3YUY5_IPR045860_1_21-76,none
G5CTL9_IPR045860_1_25-122,none
A0A8S3V659_IPR045860_1_136-212,mixture
A0A8V0Y3K6_IPR045860_1_18-91,none
A0AAD9QQZ4_IPR045860_1_18-112,none
A0AAW0MNB0_IPR045860_1_13-78,none
A0AB32TH96_IPR045860_2_11-62,mixture
A0A6I9MEH3_IPR038773_1_19-122,none
A0A125S9K5_IPR045860_1_18-108,mostly_Ly6
A0A151M3Z5_IPR045860_6_222-294,Ly6
A0A670IQM8_IPR016054_1_23-101,Ly6
A0A6P6EZA3_IPR026524_1_1-387,none
A0A8I6ASR0_IPR051445_1_50-228,Ly6
A0A8J6BKP1_IPR045860_1_11-96,mixture
A0A9B0WY52_IPR045860_1_22-122,Ly6
A0AAF3EF36_IPR016054_1_25-131,mostly_Ly6
A0AAW0PQM6_IPR045860_1_594-663,mixture
A0AAJ7X4X4_IPR039457_1_17-178,mostly_Ly6
A0A7E6FPW6_IPR031424_1_22-116,Quiver
A0A7J7K0Q0_IPR031424_1_36-106,none
A0A816N3I8_IPR031424_1_30-116,mixture
A0A820KXX8_IPR031424_1_21-92,mixture
A0A834J2M1_IPR031424_1_53-131,mixture
A0A9Q0M0P1_IPR031424_1_55-148,mixture
A0AAD8EMX0_IPR031424_1_22-137,none
A0AAV2AUC6_IPR031424_1_29-123,mixture
A0AAV8W3Q6_IPR031424_1_26-152,none
A0ABD2N2U6_IPR031424_1_24-167,none
A0AAE0SFZ8_IPR045860_1_33-155,none
A0AAV5TMI4_IPR045860_1_11-114,none
A0AAV5W0D6_IPR045860_1_69-122,none
G0PFB6_IPR045860_1_18-98,none
A0A452UEK3_IPR026110_1_23-77,none
A0A818R344_IPR045860_1_32-104,mixture
A0A9Q1E5X7_IPR016054_1_18-93,none
A0A9W2ZRV3_IPR045860_1_32-114,mixture
A0AAD4YB02_IPR045860_2_49-104,none
W5MCJ5_IPR016054_1_20-106,mostly_Ly6
A0A6F9CLJ2_IPR045860_3_137-200,mixture
A0AA97KH13_IPR045860_2_20-107,mixture
A0AAV2KTW0_IPR045860_1_114-182,Ly6
A0AAV7Q087_IPR045860_1_109-190,Ly6
A0ABD2NUY2_IPR045860_1_18-107,mixture
U3KML4_IPR045860_1_43-125,mixture
A0A0L8IDX6_IPR031424_1_6-77,none
A0A1B6LMI2_IPR031424_1_21-99,none
A0A1D1VSS4_IPR045860_1_22-105,mixture
A0A1I8PHK9_IPR031424_1_26-129,mixture
A0A6P7FF79_IPR031424_1_26-143,none
A0A7F5RC65_IPR031424_1_31-168,mixture
A0A813QWV5_IPR031424_1_56-156,mixture
A0A8D8YPC7_IPR031424_1_26-155,none
A0AAR5QJX6_IPR031424_1_24-175,none
A0ABD2N5Z7_IPR031424_1_25-145,mixture
A0A026WXM5_IPR045860_1_4-58,none
A0A195D3E7_IPR045860_1_5-73,none
A0A1L8G0F6_IPR045860_1_57-160,Ly6
A0A1W0WQR3_IPR045860_1_88-180,none
A0A3B5MH29_IPR045860_1_152-222,none
A0A401P202_IPR045860_1_22-78,Ly6
A0A443SPP0_IPR045860_1_6-84,none
A0A454XV36_IPR045860_1_21-94,none
A0A4U5LUZ3_IPR045860_1_15-114,Ly6
A0A7R9LSG3_IPR045860_1_1-51,none
A0A7T8QUM6_IPR045860_1_3-92,none
A0A814Q5U4_IPR045860_1_24-92,Quiver
A0A914RZA8_IPR045860_1_78-139,Ly6
A0A915J3H9_IPR045860_1_226-306,mixture
A0A977PF39_IPR045860_1_22-126,none
A0A9P1N1W3_IPR045860_1_11-103,Ly6
A0A9Q1I8V0_IPR045860_1_1-66,mixture
A0AA36H857_IPR045860_1_24-95,none
A0AA97J5B9_IPR045860_1_19-95,mostly_Ly6
A0AAV2KZH7_IPR045860_1_20-82,mixture
A0AAV6ZUP7_IPR045860_1_20-81,none
A0A8C3GTR2_IPR045860_1_48-144,none
A0A8D2L5T3_IPR045860_1_24-97,Ly6
A0A8K0KJU9_IPR045860_1_171-225,none
A0A914VXE6_IPR045860_1_26-103,none
A0A9W9YVV7_IPR045860_1_17-120,none
A0AA36GN51_IPR045860_1_69-160,none
A0AAN5C818_IPR045860_1_20-96,Ly6
A0AAN5I4M8_IPR045860_1_14-85,mixture
A0AAV3A1S2_IPR045860_1_26-103,mixture
A0ABD0SGT6_IPR045860_1_31-106,mixture
A0ABD2K7U0_IPR045860_1_59-155,none
D1ZZN3_IPR045860_1_25-95,mixture
Q91595_IPR045860_1_26-105,none
S4RP23_IPR045860_1_1-76,none
W8B4V7_IPR045860_1_35-84,none
A0A7M5X657_IPR045860_1_43-96,none
A0A815RKE6_IPR045860_1_585-644,none
A0A817TEU8_IPR045860_1_40-101,mixture
A0A8B7PBL7_IPR045860_1_71-178,none
A0A8C4SSB6_IPR045860_1_19-84,Ly6
A0A8S1GQN7_IPR045860_1_21-103,mixture
A0A9W9YWP2_IPR045860_1_22-108,none
A0AAF3JBN4_IPR045860_1_9-84,mixture
A0AAV6GIL3_IPR045860_1_31-81,Ly6
E2B602_IPR045860_1_38-100,none
Q0GAB5_IPR045860_1_20-85,mixture
Centipede3FTx_0015_1255758,manually_annotated
Centipede3FTx_0047_60158,manually_annotated
Centipede3FTx_0111_984703,manually_annotated
A0A2I0TLL8_IPR045860_1_6-59,none
A0A3P9MIP7_IPR045860_2_3-66,mixture
A0A7S1U4Z0_IPR045860_1_8-90,none
A0A818WR27_IPR045860_1_9-78,mixture
A0AAN8FGD8_IPR045860_1_6-82,mixture
A0AAV7V3D2_IPR045860_1_18-71,none
A0A3Q4BL76_IPR045860_2_19-87,Ly6
A0A674J133_IPR045860_2_202-284,Ly6
A0A6B0S3L6_IPR045860_2_202-274,Ly6
A0A7J7JX39_IPR045860_1_15-109,Ly6
A0A9D4B4C9_IPR045860_1_28-84,Ly6
A0A9Q0YG57_IPR016054_1_228-322,mixture
A0A9X9LR61_IPR051445_1_18-78,Ly6
A0AA35KNY3_IPR045860_3_234-311,Ly6
A0AAV7PWP4_IPR045860_2_114-166,Ly6
A0A1L6ZA22_IPR026524_1_1-54,none
A0A8C6VKX5_IPR026524_1_26-317,none
A0A553PQL1_IPR045860_1_17-98,mixture
A0A7G3AA29_IPR031424_1_25-147,none
A0A7I8VUV2_IPR031424_1_20-103,none
A0A8J2WFD8_IPR045860_1_38-136,mixture
A0A8S4PVE8_IPR031424_1_67-162,Quiver
A0A915BLD6_IPR031424_1_24-112,none
A0A9J6BBX8_IPR031424_1_21-133,none
A0A177B4S8_IPR045860_1_239-330,none
A0A1A7YGD8_IPR045860_1_49-105,none
A0A1J1J8J8_IPR045860_1_28-143,none
A0A383VF68_IPR045860_1_50-110,mixture
A0A8K9X2E7_IPR045860_1_3-109,none
A0A8S9Z0J0_IPR045860_1_2-54,Ly6
A0A8T2IKT7_IPR045860_1_5-67,none
A0A8W8KFK6_IPR045860_1_54-138,none
A0A914C4T4_IPR045860_1_15-86,mixture
A0A914TA72_IPR045860_1_17-102,mixture
A0A9Q1BN62_IPR045860_1_22-123,mixture
A0A9X0A6N9_IPR045860_2_115-182,mixture
A0AA35QPM7_IPR045860_2_116-174,Ly6
A0AA36C4P5_IPR045860_1_21-91,none
A0AA39IR08_IPR045860_1_38-107,mixture
A0AA85JQ84_IPR045860_1_34-99,mixture
A0A6I8ND62_IPR039237_1_1-176,Ly6
A0A498MKX1_IPR016054_2_1132-1242,Ly6
A0A9P1MLS2_IPR045860_1_6-104,none
N0E484_IPR038773_1_3-64,none
A0A091VEQ6_IPR016054_2_98-191,mixture
A0A0H4AC46_IPR045860_2_93-174,mostly_Ly6
A0A151M3T1_IPR045860_3_143-211,Ly6
A0A210Q449_IPR016054_1_222-302,none
A0A8B8S0Q2_IPR045860_1_27-138,mixture
A0A8B9R4A5_IPR035076_1_21-80,none
A0A8C5MY48_IPR045860_1_3-69,mixture
A0A8C8RFB5_IPR045860_1_10-78,none
A0AAV6ZW00_IPR045860_1_1-50,none
A0A7J7F023_IPR016054_1_2-56,Ly6
A0A8D0HA27_IPR045860_2_136-222,mostly_Ly6
A0A9D3XGJ7_IPR016054_1_24-105,Ly6
A0A9W2X751_IPR045860_2_81-138,Ly6
A0AA97KFU8_IPR045860_2_16-111,mixture
A0AAV6ZEC7_IPR045860_1_20-103,mostly_Ly6
A0AAV6ZZZ2_IPR045860_2_25-110,mixture
L5KM26_IPR045860_2_12-65,Ly6
A0A8J2WJ03_IPR039457_1_56-169,mixture
A0A226E8M1_IPR031424_1_26-153,none
A0A2T7PKX3_IPR031424_1_25-116,mixture
A0A6V7GZJ9_IPR031424_1_1-65,none
A0A8K0FZV1_IPR031424_1_22-134,none
A0A914ARZ5_IPR031424_1_22-149,none
A0A9N9S5K3_IPR031424_1_25-135,mixture
A0A0B1TBH2_IPR045860_1_92-157,mixture
A0A147BEL1_IPR045860_2_99-162,none
A0A182SK22_IPR045860_1_1-53,none
A0A183PSY2_IPR045860_1_11-108,none
A0A1D2M0G9_IPR045860_1_25-112,mixture
A0A226EQQ1_IPR045860_1_66-208,none
A0A267EX07_IPR045860_1_483-556,none
A0A3M7RMB0_IPR045860_1_25-115,mixture
A0A4U5MQS9_IPR045860_1_90-198,none
A0A556U032_IPR045860_1_19-74,mixture
A0A673FRW7_IPR045860_1_11-80,mixture
A0A674PEQ5_IPR045860_1_11-64,mixture
A0A6F8ZMR9_IPR045860_1_28-92,none
A0A6G0HW87_IPR045860_2_197-292,none
A0A6P8IDF1_IPR045860_1_100-200,Ly6
A0A7R9IYK2_IPR045860_1_3-55,none
A0A7S1MTA1_IPR045860_1_201-255,none
A0A813P492_IPR045860_1_42-98,mixture
A0A814BXE5_IPR045860_1_1-89,none
A0A814HVW8_IPR045860_1_25-82,Ly6
A0A8B8IYC9_IPR045860_1_1-59,none
A0A8C5C145_IPR045860_1_1-60,none
A0A9D4FIS8_IPR031424_1_24-87,none
A0AA38HY41_IPR031424_1_139-222,mixture
A0AAD7YTB9_IPR045860_1_21-123,Quiver
A0AAD9PC26_IPR031424_1_20-109,none
A0AAE1GWL2_IPR031424_1_77-206,none
A0AAV4RF83_IPR031424_1_16-72,mixture
A0AAV5UID1_IPR031424_1_7-80,none
T1FUE6_IPR045860_2_183-273,none
A0AA85K4Y5_IPR045860_1_12-156,none
A0AA88M7S9_IPR045860_1_5-74,Ly6
A0AAD9P4H3_IPR045860_1_15-76,none
A0AAN4ZEY9_IPR045860_1_21-99,none
A0AAN5DA64_IPR045860_1_36-130,none
A0AAN8LXL3_IPR045860_1_17-69,none
A0AAV5TBR6_IPR045860_1_17-112,Ly6
H2L9T1_IPR045860_1_21-86,Ly6
A0A5F4WGV7_IPR042339_1_1-77,none
V8N212_IPR045860_1_1-80,none
A0A6P7WSC1_IPR016054_1_21-102,mixture
A0A8C5SB45_IPR045860_1_12-76,none
A0ABD3WX20_IPR035076_1_66-132,none
A0A835ZW53_IPR038773_1_63-169,none
A0A151PIJ3_IPR016054_1_181-271,mostly_Ly6
A0A484GSD8_IPR016054_1_27-77,Ly6
A0A8B7WI12_IPR051445_1_1-137,mostly_Ly6
A0A8I6AVK8_IPR016054_1_118-200,mixture
A0A974HDB2_IPR045860_2_48-130,Ly6
A0A9N9SCS8_IPR045860_1_19-109,Ly6
A0AAD4RAP5_IPR045860_1_16-126,Ly6
A0AAV6YYU5_IPR045860_2_112-201,mostly_Ly6
A0AAV7PZR4_IPR045860_2_114-222,Ly6
F6Q0C7_IPR016054_3_33-111,mixture
A0A218UKU1_IPR039457_1_6-72,mixture
A0A7K6EXR5_IPR039457_1_1-91,mixture
A0A7R9P8Q2_IPR039457_1_18-166,mixture
A0A8S1CFF1_IPR039457_1_53-150,mixture
A0A094ZV75_IPR031424_1_24-165,none
A0A0L8GXK5_IPR045860_1_17-112,mixture
A0A1Y3AYX1_IPR031424_1_8-70,mixture
A0A5K3FB28_IPR031424_1_38-146,mixture
A0A834XXW6_IPR045860_1_25-117,none
A0A8I6RRD0_IPR031424_1_24-112,Quiver
A0A8J2HNT4_IPR031424_1_6-91,none
A0A8W8K6C2_IPR031424_1_1-67,mixture
A0A914E4N2_IPR031424_1_2-122,mixture
A0AAW1URC3_IPR045860_1_18-105,mixture
A0A2H1W8S6_IPR045860_1_2-65,none
G3TYI9_IPR016054_2_164-219,mixture
M7C222_IPR045860_3_8-70,Ly6
A0A183MZ51_IPR031424_1_26-124,mixture
A0A1Y1LGN0_IPR045860_1_34-109,mixture
A0A7F5RM31_IPR045860_1_17-109,mixture
A0A7J7K6D5_IPR031424_1_121-210,none
A0A3N0YL70_IPR045860_1_20-97,none
A0A401PND9_IPR045860_1_24-95,none
A0A4U5PGP9_IPR045860_1_12-88,mixture
A0A553NEH9_IPR045860_1_44-126,none
A0AAN8G8R9_IPR039457_1_5-162,none
A0A8J6H8Z6_IPR031424_1_441-544,mixture
A0A9P0NU81_IPR031424_1_23-142,mixture
A0A9X6NF42_IPR031424_1_21-112,mixture
A0A0B2V4Y2_IPR045860_1_13-87,Ly6
A0A0K0CWW9_IPR045860_1_1-51,none
A0A0N4XE99_IPR045860_1_18-91,mixture
A0A0R3PZF4_IPR045860_1_3-88,none
A0A0S7EPF1_IPR045860_1_52-146,none
A0A212CDR5_IPR045860_1_10-59,none
A0A261CIU9_IPR045860_1_35-107,mixture
A0A7M7PG63_IPR045860_1_235-318,mixture
A0A7R9MV90_IPR045860_1_1-81,none
A0A811KCP2_IPR045860_1_7-113,mixture
A0A814Z966_IPR045860_1_73-127,none
A0A8B8CBB0_IPR045860_1_86-154,none
A0A9W9YWU5_IPR045860_2_41-125,none
A0AA36DFK1_IPR045860_1_24-105,Ly6
A0AA85J9Z2_IPR045860_1_24-107,Ly6
A0AAD9JRU8_IPR045860_1_132-199,none
A0AAJ7XFC9_IPR045860_1_33-108,none
A0AAV0A307_IPR045860_1_17-95,Ly6
A0AAW0PGG7_IPR045860_2_12-74,none
Centipede3FTx_0081_61981,manually_annotated
Centipede3FTx_0145_984703,manually_annotated
A0AA35P1B0_IPR039237_1_1-124,mostly_Ly6
A0A1S3T2Q1_IPR045860_2_23-147,Ly6
A0A2I0TLQ1_IPR016054_1_21-168,mixture
A0A9D4BTS2_IPR045860_1_105-191,none
A6HS10_IPR045860_1_68-117,none
L5KM81_IPR045860_1_20-179,none
A0A4Z2D990_IPR045860_1_6-60,mixture
A0A672HY17_IPR045860_2_27-104,mostly_Ly6
A0A6G0ITJ9_IPR045860_1_9-91,Ly6
A0A8T2IS80_IPR045860_1_14-109,mostly_Ly6
A0A8D2B8Y1_IPR035076_1_16-82,mixture
A0AAF3EX73_IPR045860_1_18-106,none
A0A452RA57_IPR038773_1_89-159,none
A0A6P7YNT8_IPR045860_2_2-58,Ly6
A0AAV1NYR3_IPR045860_1_19-102,mostly_Ly6
A0A0N7Z8L7_IPR031424_1_1-96,none
A0A226D9A1_IPR031424_1_22-146,none
A0A430Q269_IPR031424_1_12-85,mixture
A0A7G3AEM8_IPR031424_1_22-132,none
A0A813T882_IPR031424_1_22-85,none
A0A8E0S444_IPR031424_1_11-75,mixture
A0A8J2MGA1_IPR031424_1_34-129,Quiver
A0A9N9TW70_IPR045860_1_30-141,none
A0A1A9WMM2_IPR045860_1_73-127,none
A0A1I7ZF94_IPR045860_1_20-108,mixture
A0A1I8GI43_IPR045860_2_42-107,none
A0A1L8D734_IPR045860_1_10-84,none
A0A2K6SQ93_IPR045860_1_1-52,none
A0A674NWW4_IPR045860_1_5-63,none
A0A6A4XF14_IPR045860_1_165-216,none
A0A6S7FX41_IPR045860_1_1-90,none
A0A8C2V8N2_IPR045860_1_66-131,none
A0A8C4ERD5_IPR045860_1_1-52,none
A0A8C5DI65_IPR045860_1_1-57,mixture
A0AAE0QIX2_IPR045860_1_3-54,none
A0AAV2TDN9_IPR045860_1_12-108,none
A0AAV5UKY8_IPR045860_1_33-83,none
A0AAW0Q3I2_IPR045860_1_17-66,none
C3Z070_IPR045860_2_49-117,none
F6XDW5_IPR045860_1_18-102,mixture
H5ZVL1_IPR045860_1_1-59,none
R7U1I8_IPR045860_1_22-111,mixture
Centipede3FTx_0058_1255758,manually_annotated
U3FVH6_IPR045860_1_13-84,mixture
A0A6J0XUD7_IPR026110_1_102-157,none
A0A8C2VN21_IPR026110_1_2-122,none
A0A498MKX1_IPR016054_7_441-529,mixture
A0A553PRQ5_IPR045860_1_2-77,mixture
A0A8C6CBQ9_IPR045860_1_66-121,none
A0A9Q0X962_IPR045860_1_197-275,mixture
A0AA88NKS8_IPR045860_1_19-95,mixture
A0A151M3Y2_IPR016054_1_435-494,Ly6
A0A2K5VKS7_IPR045860_3_109-167,mixture
A0A401RHQ3_IPR016054_1_114-208,mixture
A0AAJ6ZQI6_IPR045860_1_29-136,mixture
A0AAV8VLN0_IPR045860_1_4-88,mixture
A0A0H5SL74_IPR045860_1_32-116,mixture
A0A0N4ZNP5_IPR045860_1_33-104,none
A0A6M2DXW3_IPR045860_1_28-107,mixture
A0A6P7RFQ4_IPR045860_1_97-148,mixture
A0A6P9FLX0_IPR045860_1_12-64,none
A0A6S7GKF8_IPR045860_1_19-105,mixture
A0A7M5U9W9_IPR045860_1_20-115,none
A0A7M7RHR6_IPR045860_1_25-107,none
A0A814HFH1_IPR045860_1_20-93,mixture
A0A815B2Q3_IPR045860_1_17-74,none
A0A2D4PI90_IPR045860_1_3-66,mixture
A0A2Y9P282_IPR045860_2_21-157,mixture
A0A1D2NLN9_IPR031424_1_47-153,none
A0A5E4M857_IPR031424_1_22-151,none
A0A820IC74_IPR031424_1_22-88,mixture
A0A8S1CCR9_IPR031424_1_91-198,none
G3VP90_IPR016054_3_210-302,none
A0A1L6Z9Z9_IPR026524_1_1-81,none
A0A1A8RI45_IPR039457_1_1-66,Ly6
A0A7R9G4N8_IPR039457_1_19-129,Ly6
A0A8F8ASX3_IPR045860_1_58-126,mixture
A0A8T0BCI2_IPR045860_1_1-59,none
A0A915KCD7_IPR045860_1_23-123,none
A0A9F3W1W6_IPR045860_1_17-97,none
A0A9Q1AX85_IPR045860_1_8-68,mostly_Ly6
A0A9X0A5Y2_IPR045860_1_18-78,Ly6
A0AAD3R410_IPR045860_2_83-145,mixture
A0AAF3J618_IPR045860_1_16-105,none
J9ABH8_IPR045860_1_2-67,none
L8IZU0_IPR045860_1_26-80,none
A0A8W8J872_IPR045860_1_62-157,none
A0A9J7NCX6_IPR045860_1_18-132,mixture
A0A9P1HUP2_IPR045860_1_96-187,none
A0A9X0A6N9_IPR045860_1_22-111,none
A0AA97KGB0_IPR045860_1_83-147,none
A0AAD9K836_IPR045860_1_33-114,mixture
A0AAU9WAK8_IPR045860_1_10-116,mixture
A0AAV2RSX4_IPR045860_1_63-119,none
A0AAW1AXJ7_IPR045860_1_17-75,Ly6
A0ABD2XGH3_IPR045860_1_42-140,none
A0A7J8GS23_IPR039237_1_3-72,mixture
A0A8C8TND6_IPR039237_1_1-58,mixture
A0A8U0T7Y1_IPR026110_1_1-159,none
A0A2I0TVD9_IPR045860_1_8-59,none
A0A3B5MB32_IPR045860_2_5-54,Ly6
R0LJ75_IPR045860_1_76-155,mixture
S7PTS4_IPR016054_3_2-57,Ly6
W5NTR4_IPR045860_1_33-127,Ly6
A0A2K6PKA5_IPR039457_1_1-97,mostly_Ly6
A0AAD9L2I6_IPR039457_1_14-173,none
A0A1D2M2Q1_IPR031424_1_32-134,none
A0A1S3DL79_IPR031424_1_4-65,mixture
A0A2S2QSA9_IPR031424_1_24-175,mixture
A0A6P7G9F3_IPR031424_1_22-137,none
A0A815BT65_IPR031424_1_24-73,none
A0A8J2P850_IPR031424_1_19-120,none
A0A8S4RWH0_IPR031424_1_13-63,none
A0A9P0LHQ8_IPR031424_1_25-138,mixture
A0AAV8Z602_IPR045860_1_2-95,mixture
Q176Q6_IPR031424_1_25-82,none
T1IWT8_IPR031424_2_22-103,none
A0A1B0G4Y0_IPR045860_1_7-84,mixture
A0A1D1VK48_IPR045860_1_6-74,Quiver
A0A1I7ZN97_IPR045860_1_56-107,none
A0A1U7SQ44_IPR045860_1_105-193,mixture
A0A238BWE3_IPR045860_1_11-96,none
A0A261AWE7_IPR045860_1_94-209,none
A0A2A6B8E8_IPR045860_1_8-106,none
A0A2G9RKC4_IPR045860_1_26-90,Ly6
A0A3B4B9F7_IPR045860_1_16-73,Ly6
A0A3M6TKR6_IPR045860_1_14-123,none
A0A3M7QQQ6_IPR045860_1_43-114,mixture
A0A3P6SZG6_IPR045860_1_17-95,none
A0A3Q3X9G9_IPR045860_1_50-164,Ly6
A0A5N5T244_IPR045860_1_3-68,none
A0A6F9BK46_IPR045860_1_9-62,none
A0A6P8I7G2_IPR045860_1_21-114,none
A0A6P8SJ10_IPR045860_2_18-80,Ly6
A0A7M6DNM3_IPR045860_1_44-135,none
A0A811U775_IPR045860_1_1-57,none
A0A818HBP9_IPR045860_1_24-80,none
A0A8C2SA02_IPR045860_1_68-128,none
A0A8C4RTV8_IPR045860_1_16-97,Ly6
A0A8C9FRH0_IPR045860_1_11-97,Ly6
A0A8J6E8Q3_IPR045860_1_1-53,Ly6
A0A8R1Y214_IPR045860_1_226-296,mixture
A0A914NHW3_IPR045860_1_204-296,none
A0A914THE1_IPR045860_1_6-74,none
A0A9J7KD64_IPR045860_1_41-149,none
A0A9J7Z2T9_IPR045860_1_25-103,none
A0A9P0GIB7_IPR045860_2_19-101,mixture
A0A9P1IQ79_IPR045860_1_15-101,none
A0A9X9MBQ9_IPR045860_1_41-93,none
A0AA35SQM2_IPR045860_1_20-119,none
A0AA36C7K6_IPR045860_1_52-143,none
A0AAN9B562_IPR045860_1_229-312,mixture
A0AAV7ME30_IPR045860_2_45-153,none
A0AAW1B171_IPR045860_1_3-61,mostly_Ly6
A0ABD1JAD3_IPR045860_1_1-71,none
A0ABD2MVB5_IPR045860_1_21-108,none
D8LTZ0_IPR045860_1_33-93,none
A0A401Q604_IPR045860_1_2-78,mixture
A0A670INU5_IPR045860_2_163-236,Ly6
A0A6B0SDN0_IPR016054_1_1-78,Ly6
A0A6P8I7U6_IPR045860_2_109-194,mixture
A0A8J1LAS0_IPR016054_1_9-64,Ly6
A0AAV7Q3J4_IPR016054_1_58-128,Ly6
A0A7L0RV53_IPR039457_1_2-155,mixture
A0A8C5IIX8_IPR039457_1_94-149,mixture
A0A0D8Y3R0_IPR031424_1_21-144,mixture
A0AAV8Z6D1_IPR031424_1_68-200,mixture
K1S039_IPR031424_1_78-175,mixture
A0A0M3IZ09_IPR045860_1_41-118,none
A0A1D1VR81_IPR045860_1_26-119,mixture
A0A1I7ZPI2_IPR045860_1_29-86,Ly6
A0A1L8EZ01_IPR045860_1_18-83,none
A0A267E0W6_IPR045860_1_23-118,none
A0A3Q0R1F3_IPR045860_1_2-62,Ly6
A0A0N4ZQ95_IPR045860_1_27-125,none
A0A0Q3VBE2_IPR045860_1_9-64,mixture
A0A158PC07_IPR045860_1_12-107,none
A0A1D1W9J0_IPR045860_1_43-95,none
A0A210Q9V6_IPR045860_2_2-73,Ly6
A0A226DLD2_IPR045860_1_20-136,none
A0A7R9A6H2_IPR045860_1_25-110,Quiver
A0A8C4YT57_IPR045860_1_20-104,none
A0A8C5QVE6_IPR045860_2_119-168,mixture
A0A8D8DNS1_IPR045860_1_168-222,none
A0A8J0SAE6_IPR045860_1_52-129,Ly6
A0A8J1UV03_IPR045860_1_161-241,none
A0A8J4TJW7_IPR045860_1_96-189,none
A0A8T2M011_IPR045860_1_18-116,mixture
A0A913WT09_IPR045860_1_501-592,none
A0A914X3N0_IPR045860_1_21-78,none
A0A915C6L5_IPR045860_1_14-103,Ly6
A0A9P0MN74_IPR045860_1_27-80,none
A0A9Q0Y2V8_IPR045860_1_2-57,none
A0A9W2XH10_IPR045860_1_11-61,none
A0AA35KMU3_IPR045860_1_17-101,none
A0AA35NY78_IPR045860_1_38-107,none
A0AA36CJ03_IPR045860_1_2-85,Quiver
A0AA36MB68_IPR045860_1_43-116,mixture
A0AAF3F6X3_IPR045860_1_12-100,none
A0AAU9XLM5_IPR045860_2_156-230,mixture
A0AAW1EW67_IPR045860_1_4-57,mixture
A0ABC9W934_IPR045860_1_34-134,Ly6
A0ABD1D0L5_IPR045860_1_4-54,none
R7U8P4_IPR045860_1_2-60,none
Centipede3FTx_0030_61981,mixture
A0A6P5KXC8_IPR042339_1_49-144,Ly6
A0A2D4G9Z1_IPR016054_1_12-109,mostly_Ly6
A0A2T7P9N7_IPR016054_1_941-1028,mixture
A0A6I8R2P6_IPR045860_1_23-115,mixture
A0A6P8PTC0_IPR045860_1_12-93,mostly_Ly6
Centipede3FTx_0001_61981,manually_annotated
Centipede3FTx_0033_61981,manually_annotated
Centipede3FTx_0129_1255758,mixture
A0ABD2F034_IPR026524_1_1-71,mixture
A0A0C2GT18_IPR031424_1_15-130,mixture
A0A0N4XEH7_IPR031424_1_22-147,none
A0A7R9BN16_IPR045860_1_18-91,Ly6
A0A814PKZ4_IPR045860_1_10-63,mixture
A0A8B7DVU4_IPR045860_1_25-125,none
A0A8C6V709_IPR045860_1_6-88,Ly6
A0A8R1I7U2_IPR045860_1_78-184,none
A0A8S1FAB1_IPR045860_1_32-129,none
A0A8S4N9T5_IPR045860_1_233-310,none
A0A8T2ND24_IPR045860_1_11-87,Ly6
A0A915IBA4_IPR045860_1_15-123,none
A0A9Y3S0P4_IPR045860_1_45-132,none
A0AA36H4S5_IPR045860_1_16-90,none
A0AA85K7K8_IPR045860_1_42-119,none
A0AAJ7SUB0_IPR045860_1_115-209,mixture
A0AAN4ZP78_IPR045860_1_42-102,none
A0AAN8R2E2_IPR045860_1_20-76,none
A0ABD3WX44_IPR045860_1_9-65,none
A1BX79_IPR045860_1_1-83,none
F5CPE3_IPR045860_1_21-74,3FTx
H2XNG7_IPR045860_1_15-107,mixture
Q4RE84_IPR045860_1_1-95,none
T1EUB6_IPR045860_1_52-116,mixture
Centipede3FTx_0073_61981,manually_annotated
Centipede3FTx_0137_984703,manually_annotated
A0A3M7P5S9_IPR045860_1_24-76,none
A0A821GXM4_IPR035076_1_5-65,none
A0A915EI99_IPR035076_1_63-120,mixture
A0A8C0LSP2_IPR016054_2_116-200,none
A0A8C5PIA8_IPR045860_2_118-180,mixture
A0A8T1RWM6_IPR045860_2_38-138,Ly6
A0A8V5GXQ5_IPR045860_1_17-104,mixture
A0AA35QQ05_IPR045860_2_11-97,Ly6
A0AA41SX92_IPR016054_5_304-383,Ly6
A0A6P5AVG0_IPR039457_1_6-170,mixture
A0A8S1DAU7_IPR039457_1_17-146,mixture
A0A1D1VPY8_IPR031424_1_23-155,Quiver
A0A3P6SP30_IPR045860_1_16-117,mixture
A0A6G0TK47_IPR031424_2_131-183,none
A0A6J2T4X2_IPR031424_1_20-104,none
A0A8T2JDC4_IPR045860_1_2-69,none
A0A913X4E7_IPR045860_1_20-110,none
A0A914EB87_IPR045860_1_16-93,none
A0A914LEF1_IPR045860_1_1-77,none
A0A914RYS8_IPR045860_1_15-108,mixture
A0A914VDT4_IPR045860_1_18-93,none
A0A922HS44_IPR045860_1_16-145,none
A0A9D4BW54_IPR045860_1_25-114,mixture
A0A9J6FD86_IPR045860_1_2-55,none
A0A9N9RXC6_IPR045860_1_55-149,none
A0A9P0J1I0_IPR045860_1_18-73,none
A0A9P1HD09_IPR045860_1_6-91,none
A0A3Q7P0E8_IPR045860_1_12-95,mixture
A0A553P0D0_IPR045860_1_16-102,Ly6
A0A672YFI7_IPR045860_1_22-86,mixture
A0A6J2X9Y7_IPR045860_1_20-106,mixture
A0A6P5AG42_IPR045860_1_44-127,mixture
A0A3M6V5B7_IPR045860_1_32-117,mixture
A0A3Q0RTA1_IPR045860_1_21-77,none
A0A3S2PCT2_IPR045860_2_52-104,none
A0A6F9DV81_IPR045860_1_21-117,none
A0A7J7R911_IPR045860_1_301-379,mixture
A0A814TJZ5_IPR045860_1_12-117,none
A0A8C2P149_IPR045860_1_56-110,none
A0A8C4RAU9_IPR045860_1_25-113,none
A0A226DZ36_IPR031424_1_17-157,none
A0A8J1XJ26_IPR031424_1_30-163,none
A0A8W8NB98_IPR031424_1_30-88,none
A0A5N4CSY0_IPR026524_1_16-126,none
A0AAX6T0N5_IPR026524_1_200-369,none
A0A1I8IPG4_IPR031424_1_200-249,none
A0A1L8DNC4_IPR045860_1_16-118,mixture
A0A433U739_IPR031424_1_30-128,mixture
A0A482WZG1_IPR031424_1_25-150,mixture
A0A2G9UTY1_IPR045860_1_78-156,none
A0A3M6U0A5_IPR045860_1_54-153,mixture
A0A3M7S394_IPR045860_1_25-122,none
F6YIE7_IPR045860_1_70-157,none
G0MQL5_IPR045860_1_12-111,none
H3BIN3_IPR045860_1_21-96,mixture
R7UD99_IPR045860_2_123-186,mixture
Centipede3FTx_0032_61981,manually_annotated
Centipede3FTx_0128_1255758,manually_annotated
A0AAD1W471_IPR045860_1_20-112,none
A0A3Q2Q2Z7_IPR045860_1_7-72,Ly6
A0A6P9DEV7_IPR045860_2_16-111,mixture
A0A7N6FLY1_IPR045860_1_1-72,mixture
A0A803JTA5_IPR045860_3_14-65,Ly6
A0A8C3SHN7_IPR045860_1_129-192,Ly6
A0A8C5QVD3_IPR045860_2_10-61,mixture
A0AAV5TBW2_IPR045860_1_17-101,mixture
A0AAV6ZF17_IPR045860_1_1-67,Ly6
A0AAW0N2N6_IPR045860_1_190-252,Ly6
Q9I8P7_IPR045860_1_113-194,none
A0AB34HME4_IPR026524_1_1-169,none
A0A1D1V7I0_IPR031424_1_94-184,none
A0A2H1WLM9_IPR031424_1_11-81,none
A0A7R9QCV8_IPR031424_1_20-156,none
A0A0C2H646_IPR045860_1_21-117,mixture
A0A0N5A8A8_IPR045860_1_34-136,none
A0A182MBE3_IPR045860_1_59-119,none
A0A183BWE7_IPR045860_1_24-121,none
A0A669BVS0_IPR045860_1_39-98,none
A0A6P8H3A5_IPR045860_1_18-100,none
A0A6P8QG64_IPR045860_1_1-66,none
A0A8C9TGN1_IPR045860_1_85-156,mixture
A0A8J0TC19_IPR045860_1_112-201,Ly6
A0A8R1E9F7_IPR045860_1_50-124,none
A0A8T1N1B6_IPR045860_1_24-95,none
A0A8T2IS40_IPR045860_2_1-69,Ly6
A6MIV6_IPR045860_1_17-70,none
E3NNI7_IPR045860_1_39-105,mixture
G9D4E4_IPR045860_1_78-167,none
Q5C099_IPR045860_1_35-109,mixture
T1F491_IPR045860_1_11-97,none
U4UN32_IPR045860_1_66-134,Ly6
Centipede3FTx_0011_61981,manually_annotated
Centipede3FTx_0075_61981,manually_annotated
A0A315W4P7_IPR045860_1_1-60,mixture
A0A091GPN7_IPR045860_2_95-146,mixture
A0A369RZI8_IPR045860_1_33-142,none
A0A3M6UU69_IPR045860_1_18-113,none
A0A3Q0IVC8_IPR045860_1_107-162,none
A0A4U5PGR9_IPR045860_1_10-93,Ly6
A0A672L668_IPR045860_1_26-94,none
A0A6P7XFG3_IPR045860_1_18-96,mixture
A0A6P8F3Q9_IPR045860_1_19-116,none
A0A7J7J989_IPR045860_1_4-78,none
A0AAE1CIL3_IPR045860_1_10-78,Quiver
A0AAF3ELR6_IPR045860_1_19-100,none
A0AAN5IAG8_IPR045860_1_12-103,mixture
A0AAN8GAJ9_IPR045860_1_10-70,mixture
A0AAN9YZE6_IPR045860_1_124-189,none
A0ABD2M0E5_IPR045860_1_14-100,none
Q9UAG0_IPR045860_2_314-419,none
A0A8C6XA92_IPR045860_1_12-61,none
A0A4U1EE55_IPR016054_1_13-72,Ly6
A0A670INU0_IPR016054_1_10-99,Ly6
A0A8R1Z2I3_IPR045860_1_12-103,mixture
A0A8S1E5R0_IPR045860_1_71-143,Quiver
A0A8S9ZW77_IPR045860_1_70-150,mixture
A0A913XL18_IPR045860_1_141-238,mixture
A0A914CQB1_IPR045860_1_17-98,none
A0A914TZ53_IPR045860_1_12-105,Ly6
A0AA35TY84_IPR045860_1_27-132,none
A0AAE1E257_IPR045860_1_52-119,Ly6
A0AAN8AXA4_IPR045860_1_15-70,none
A0AAV5SJA6_IPR045860_1_15-103,mixture
A0AAV5UNV8_IPR045860_1_18-102,none
A0AAW0MZS0_IPR045860_1_6-59,Ly6
A0ABD6EKP5_IPR045860_1_10-81,none
W8PW57_IPR045860_1_11-85,mixture
Centipede3FTx_0060_1255758,manually_annotated
A0A087WQ65_IPR045860_1_41-113,mixture
A0A8C0N4C6_IPR045860_1_102-222,mixture
A0AA88TF02_IPR045860_2_1-62,mixture
A0AAW1BLL4_IPR045860_1_7-84,none
V8NCZ4_IPR045860_1_1-64,mixture
A0A1A6G1S1_IPR038773_1_106-159,none
A0A3P9DMF4_IPR045860_1_56-128,mixture
A0A6P5Q3G2_IPR016054_2_213-310,mixture
A0A8M9PKG4_IPR016054_1_18-93,Ly6
A0A9F3QVY1_IPR016054_1_39-103,Ly6
A0AAD1WQC3_IPR045860_2_283-370,mixture
A0AAV7Q409_IPR045860_2_1-67,Ly6
A0A151NCF0_IPR026524_1_21-112,none
A0A8D0XLD5_IPR026524_1_11-270,none
A0A1S8WRH0_IPR045860_1_25-89,mixture
A0A8J1Y7G1_IPR031424_1_35-141,none
A0A9W2YPS7_IPR031424_1_23-136,mixture
A0AA36C4Y9_IPR031424_1_35-100,none
T1FTA0_IPR031424_1_23-103,mixture
T1JCJ9_IPR031424_1_125-212,Quiver
A0A0M3K4U5_IPR045860_1_207-283,mixture
A0A1D2M2K8_IPR045860_1_27-112,none
A0A1I7X890_IPR045860_1_1-50,none
A0A1I8AU51_IPR045860_1_85-163,Ly6
A0A1W5BE54_IPR045860_1_9-81,none
A0A2A6BVH5_IPR045860_1_16-105,none
A0A3P7DWI0_IPR045860_1_8-58,none
A0A4U5MVD7_IPR045860_1_36-91,none
A0A665TLL2_IPR045860_1_52-147,none
A0A672Z7F9_IPR045860_1_6-85,mixture
A0A813WVD2_IPR045860_1_66-122,none
A0A8B8PLF7_IPR045860_1_13-138,none
A0A8J1LAM8_IPR045860_1_169-254,mostly_Ly6
A0A8J2RNL0_IPR045860_1_13-65,Quiver
A0A8S2GH58_IPR045860_1_48-140,none
A0A8T2M011_IPR045860_2_117-186,Ly6
A0A9D4M313_IPR045860_1_44-151,none
A0A9J7ZI52_IPR045860_1_135-190,Ly6
A0A9X0A3X3_IPR045860_1_15-118,none
A0AA35U124_IPR045860_1_181-287,none
A0AA36CJ11_IPR045860_1_61-114,none
A0AAF3FA92_IPR045860_1_108-186,none
A0AAN7P2D6_IPR045860_1_187-237,none
A0AAV7Q5B8_IPR045860_1_20-109,Ly6
A0ABD2NEE1_IPR045860_1_16-108,none
D2V2Z0_IPR045860_1_19-99,none
Q99473_IPR045860_1_12-70,none
Centipede3FTx_0031_61981,manually_annotated
Centipede3FTx_0095_984703,manually_annotated
A0A815C0A8_IPR045860_1_77-155,mixture
A0AAJ7T9K6_IPR045860_1_89-151,mixture
A0A2T7P9N7_IPR016054_2_2145-2238,none
A0A6J0ABA1_IPR045860_1_24-93,none
A0A7L3T2I9_IPR045860_1_1-81,mixture
A0AAD9JQH5_IPR045860_1_39-111,none
A0A0U1RNF3_IPR045860_1_23-73,Ly6
A0A151M3Y2_IPR045860_6_748-826,Ly6
A0A151NCA5_IPR045860_2_15-75,mixture
A0A1U7SB93_IPR045860_3_158-207,Ly6
A0A212CED6_IPR016054_1_52-112,Ly6
A0A6P8VR33_IPR045860_1_20-106,Ly6
A0A836A292_IPR045860_7_308-373,Ly6
A0A8C5QVD3_IPR045860_1_70-130,Ly6
A0A9D3XGR2_IPR016054_1_28-118,Ly6
A0A9X0A5D2_IPR016054_1_18-111,mixture
A0AAD1TA03_IPR016054_1_21-103,mixture
A0AAV2ZKP5_IPR045860_2_1-67,Ly6
A0AAV6ZM70_IPR045860_1_18-105,mixture
A0AAW1V7Z3_IPR016054_2_110-175,Ly6
A0A816BYK0_IPR031424_1_4-60,Quiver
A0AA36CBI2_IPR031424_1_35-147,none
A0AA38HQJ2_IPR031424_1_19-111,none
A0A061HX69_IPR045860_1_480-531,none
A0A077Z8A9_IPR045860_1_16-98,none
A0A094ZQS8_IPR045860_1_45-96,none
A0A0V0SJT5_IPR045860_1_75-166,mixture
A0A182T5G5_IPR045860_1_171-245,none
A0A183U308_IPR045860_1_16-85,none
A0A1L8FP00_IPR045860_1_20-112,Ly6
A0A4S2LXJ0_IPR045860_1_22-89,none
A0A4V5ZXI3_IPR045860_1_5-71,none
A0A6G1QXP5_IPR045860_2_23-103,none
A0A6J8B243_IPR045860_2_16-69,none
A0A8C6WTV3_IPR045860_1_14-90,none
A0A8C7I900_IPR045860_1_10-72,none
A0A8J6EQB4_IPR045860_1_30-104,mixture
A0A8S2H7F1_IPR045860_1_29-105,none
A0A914K597_IPR045860_1_21-96,none
A0A921Z041_IPR045860_1_79-129,none
A0AA35P148_IPR045860_1_32-115,Ly6
A0AA35U124_IPR045860_2_23-142,none
A0AA36CJ38_IPR045860_1_17-91,none
A0AAD4NCE5_IPR045860_1_43-148,none
A0AAD8CGL1_IPR045860_1_1-56,none
A0AAD9NDG7_IPR045860_1_16-118,none
A0AAE9FCQ7_IPR045860_1_31-109,mixture
A0AAN9H109_IPR045860_1_1-51,none
A0AAV4BL23_IPR045860_1_29-102,none
A0AAX7TJ66_IPR045860_1_10-64,none
A0AAZ1WZK1_IPR045860_1_351-406,none
A0A3B3UHZ6_IPR016054_1_19-107,mixture
A0A4U8UL41_IPR045860_1_17-101,mixture
A0AAD9K488_IPR045860_1_1-53,none
V9IHU1_IPR035076_1_22-80,none
A0A4W2E290_IPR051445_1_1-105,Ly6
A0A6A1Q7Y6_IPR051445_1_50-140,mixture
A0A8C8W2C3_IPR051445_1_2-76,Ly6
A0A8I6AS65_IPR016054_1_152-209,Ly6
A0A974CJ28_IPR045860_2_226-329,Ly6
A6J8Z2_IPR016054_1_23-96,mixture
D3ZP75_IPR016054_1_20-106,Ly6
R7UJ15_IPR039457_1_7-86,none
A0A1D1VLF0_IPR031424_1_28-136,none
A0A026WAX7_IPR045860_1_1-51,mixture
A0A498LWD7_IPR045860_1_252-330,none
A0A4U1EKV4_IPR045860_1_2-61,none
A0A4U5NZP5_IPR045860_1_19-103,Ly6
A0A671VFU8_IPR045860_1_64-113,none
A0A814DLA7_IPR045860_1_23-81,none
A0A814JKT5_IPR045860_1_6-71,none
A0A8B7DHV2_IPR045860_1_20-110,none
A0A8I3PXV6_IPR045860_1_14-68,none
A0A8J1LF51_IPR045860_2_290-367,mixture
A0A8J5N960_IPR045860_1_12-76,none
A0A8S4N0F6_IPR045860_1_34-143,none
A0A8T1SCN7_IPR045860_1_21-98,mixture
A0A8T2IYG0_IPR045860_1_18-88,mixture
A0A8W8LHF3_IPR045860_1_41-141,none
A0A9J7LLU2_IPR045860_1_21-102,mixture
A0A6A4UZH6_IPR045860_1_69-125,Quiver
A0A7J6A6K8_IPR045860_1_17-81,none
A0A7M7HJH9_IPR045860_1_30-120,none
A0A8B6BJV3_IPR045860_1_81-166,mixture
A0A8C6GS09_IPR045860_1_35-121,mixture
A0A9X0D8A0_IPR045860_1_17-104,none
A0AAD9USH5_IPR045860_1_5-103,none
A0AAF3FK35_IPR045860_1_8-93,Ly6
A0AAV2Q5Q0_IPR045860_1_24-122,mixture
A0AAV6G4K1_IPR045860_2_83-145,mixture
F6ZQF4_IPR045860_1_15-103,mixture
G5CTM1_IPR045860_1_35-128,none
K1QMD5_IPR045860_1_5-58,none
N6TJ42_IPR045860_1_1-78,none
P25677_IPR045860_1_1-56,mixture
Centipede3FTx_0071_60158,manually_annotated
P81946_IPR045860_1_1-59,mixture
A0A6J8CXM1_IPR045860_1_45-149,mixture
A0A6P7WY53_IPR045860_1_164-214,none
A0A9L0J0W8_IPR045860_1_28-147,Ly6
A0A1A6HP20_IPR016054_1_156-207,Ly6
A0A553NSH3_IPR016054_1_20-116,Ly6
A0A670ZAR9_IPR045860_2_114-165,Ly6
A0A803K920_IPR045860_3_259-314,Ly6
A0A8C2SBU2_IPR016054_1_26-143,none
A0A8C5SCC3_IPR045860_3_1-57,Ly6
A0A9F7TM69_IPR045860_3_169-230,Ly6
A0A9J7JYE5_IPR016054_2_119-182,mostly_Ly6
A0AAD1WQB8_IPR045860_1_121-199,Ly6
A0AAN7X9S9_IPR045860_2_114-187,mixture
A0AAV3A123_IPR045860_2_157-245,Ly6
A0A8D0BPR5_IPR026524_1_27-111,none
A0AAV7Q211_IPR026524_1_4-257,none
Q3KUR9_IPR026524_1_16-105,none
A0A672TAY2_IPR039457_1_59-138,none
A0A1D1UPN3_IPR031424_1_15-101,none
A0A1D2MQ55_IPR031424_1_27-155,none
A0A1S3H5B0_IPR031424_1_44-162,Quiver
A0A226DZC9_IPR031424_1_23-156,none
A0A553NCU0_IPR031424_1_23-136,none
A0A8I6R741_IPR031424_1_24-109,none
A0A1I7RXX3_IPR045860_1_24-95,none
A0A1S3Q511_IPR045860_1_112-185,mixture
A0A1W4XIE4_IPR045860_1_3-114,none
A0A1Y3BNV1_IPR045860_1_4-58,Quiver
A0A210Q9V6_IPR045860_1_145-208,Ly6
A0A267EFM8_IPR045860_1_10-73,mixture
A0A8C8RF92_IPR035076_1_12-82,none
A0A8C9CVH1_IPR045860_1_36-89,none
A0A9Q0Y0G3_IPR045860_1_11-69,none
A0AAV6ZDW4_IPR045860_1_1-58,none
V8NB38_IPR045860_1_64-117,none
N0E6I9_IPR038773_1_9-60,none
A0A0A0QUW4_IPR016054_1_1-63,mixture
A0A803JS12_IPR016054_2_112-204,Ly6
A0A8D0HA27_IPR016054_1_45-115,Ly6
A0A8J6AJV9_IPR016054_1_3-78,mostly_Ly6
A0A9W2X751_IPR016054_1_12-70,Ly6
A0AA97KFU8_IPR045860_1_121-207,Ly6
A0AAW1AXJ9_IPR045860_1_111-193,none
B2D6N2_IPR045860_2_13-92,Ly6
L9KKD7_IPR016054_1_225-321,Ly6
A0A8C0WFM8_IPR026524_1_17-97,none
A0A3Q2XZN3_IPR039457_1_5-146,mixture
A0A852NKK1_IPR039457_1_3-105,mixture
A0AAW1DF26_IPR039457_1_1-73,none
A0A0X3PMB9_IPR045860_1_24-122,mixture
A0A210QR19_IPR031424_1_22-99,mixture
A0A3M7PFA6_IPR031424_1_20-103,none
A0A914AMV4_IPR031424_1_51-172,none
A0A914T9K7_IPR031424_1_3-71,mixture
A0A9C6SRV2_IPR031424_1_24-77,none
A0AA36B8V0_IPR031424_1_35-105,mixture
A0AAE0SQF5_IPR031424_1_31-121,mixture
A0AAN7SNP7_IPR031424_1_20-102,none
A0AAN9V7F9_IPR045860_1_16-113,none
A0ABD0Y7A6_IPR031424_1_20-163,none
T1FHP3_IPR031424_1_37-115,Quiver
A0A077Z0B6_IPR045860_1_53-137,Quiver
A0A0B2W0J0_IPR045860_1_2-77,mixture
A0A0C2FSU3_IPR045860_1_16-89,mixture
A0A3M6U108_IPR045860_1_1-73,none
A0A3M7S8Y0_IPR045860_1_20-114,none
A0A4C1VGM8_IPR045860_1_233-296,none
A0A4V5ZYF6_IPR045860_1_19-99,mixture
A0A5N4A6G8_IPR045860_1_20-98,mixture
A0A7I8V5T3_IPR045860_1_17-132,none
A0AAD1TA13_IPR045860_1_11-72,Ly6
A0AAN9Z724_IPR016054_1_20-119,mixture
A0AAV5TGY1_IPR045860_1_9-91,mixture
A0AAV7Q439_IPR016054_1_135-230,Ly6
A6HS05_IPR051445_1_2-93,Ly6
F6W179_IPR016054_1_389-462,mostly_Ly6
A0A485N7F4_IPR045860_1_1-79,none
A0A8J6AP99_IPR045860_1_159-208,none
A0A8M1FMM8_IPR045860_1_11-65,Ly6
A0A8S3T3W9_IPR045860_1_33-92,none
A0A914ITD3_IPR045860_1_469-533,none
A0A915AQ63_IPR045860_1_14-95,none
A0A922HWM7_IPR045860_1_189-258,none
A0A9J6FJA2_IPR045860_2_260-335,none
A0A9P1HH40_IPR045860_1_23-110,none
A0AA35KPM3_IPR045860_1_104-193,mixture
A0AA36HBF4_IPR045860_1_43-111,Quiver
A0AA39I7H4_IPR045860_1_20-82,none
A0AAU9W6W5_IPR045860_1_22-108,mixture
A0AAV7HWB9_IPR045860_3_118-180,none
A0AAW0MFM6_IPR045860_1_5-54,Ly6
E2AU71_IPR045860_1_231-289,none
E4WSQ4_IPR045860_1_2-118,none
J7H3I1_IPR045860_1_35-132,none
Centipede3FTx_0012_984703,manually_annotated
Centipede3FTx_0140_1255758,manually_annotated
A0A8J9Z921_IPR045860_2_11-93,mixture
A0A8C9JP44_IPR045860_1_32-84,none
A0AA39MC99_IPR045860_1_12-92,none
A0AAN8BWB3_IPR045860_1_17-72,none
A0A2K6FUC7_IPR016054_1_130-181,Ly6
A0A7J8BAY1_IPR051445_1_45-121,mixture
A0A803T097_IPR045860_2_113-189,Ly6
A0A8C6G4T4_IPR016054_2_12-92,mixture
A0A8C8ZD79_IPR045860_3_211-280,mixture
A0AAV7MS16_IPR016054_1_19-100,Ly6
G1U647_IPR026524_1_4-124,none
A0A068WMH4_IPR045860_1_37-139,mixture
A0A0T6B6S3_IPR031424_1_22-133,mixture
A0A0N5BVY0_IPR045860_1_32-99,mixture
A0A1S3IMF4_IPR045860_1_21-96,mixture
A0A267G212_IPR045860_1_35-111,mixture
A0A2I5KCC1_IPR045860_1_22-131,none
A0A2P1DVD9_IPR045860_1_24-125,none
A0A7L3V3L4_IPR045860_1_100-208,mostly_Ly6
A0AAV7V3C6_IPR045860_1_12-88,none
A0A9J7HAX0_IPR038773_1_34-166,none
A0A0B2W4U8_IPR016054_1_131-222,Ly6
A0A151MW29_IPR045860_3_115-198,Ly6
A0A212DDM8_IPR016054_2_5-77,Ly6
A0A2J8IXP7_IPR016054_2_89-153,none
A0A8B6F514_IPR045860_1_60-144,Ly6
A0A9Q1E5R8_IPR045860_2_20-79,Ly6
A0AA35KNY3_IPR016054_2_22-112,mixture
A0AA35PCS3_IPR016054_2_396-445,Ly6
A0AAW1AWW4_IPR045860_1_9-61,Ly6
W5LVP5_IPR045860_1_3-53,mostly_Ly6
A0A2U9AV81_IPR039457_1_3-54,mixture
A0A0N5CCS6_IPR031424_1_67-161,Quiver
A0A7J7K703_IPR031424_1_20-92,none
A0A8B7YKX8_IPR031424_1_21-134,Quiver
A0A8J6HAG2_IPR031424_1_268-342,mixture
A0AAJ6VZY4_IPR031424_1_28-113,mixture
A0ABD0SQC7_IPR031424_1_5-76,none
A0A068X2C6_IPR045860_1_1-74,none
A0A0B2V788_IPR045860_1_40-119,none
A0A139WKZ1_IPR045860_1_19-105,mixture
A0A1I7Z4P0_IPR045860_1_20-117,none
A0A1J1IMZ0_IPR045860_1_172-248,none
A0AA35VVV1_IPR016054_1_6-80,Ly6
A0AA97KEJ2_IPR045860_2_1-68,Ly6
A0AAD1T6T7_IPR045860_1_41-120,Ly6
A0A7L0LNB4_IPR045860_1_33-97,none
A0AAV7UJD8_IPR045860_1_6-89,mixture
A0A7J7KIG9_IPR031424_1_23-118,mixture
A0A9P0JJI4_IPR031424_1_59-134,none
A0A9P0P6C9_IPR045860_1_22-118,mixture
A0A9X6RK53_IPR031424_1_34-86,Quiver
A0AAD8AAZ8_IPR031424_1_21-128,Quiver
A0AAV8YRX0_IPR045860_1_23-110,mixture
A0A074ZFN4_IPR045860_1_116-168,Ly6
A0A0N1PIF7_IPR045860_1_2-80,Quiver
A0A1D1UJY4_IPR045860_1_22-124,Ly6
A0A2B4T2Y2_IPR045860_1_22-110,Ly6
A0A2G8KWS2_IPR045860_1_32-136,none
A0A3B0JWF2_IPR045860_1_25-94,none
A0A914GSD6_IPR045860_1_1491-1597,none
A0A9P1ACE4_IPR045860_1_66-144,none
A0A9W9ZGI0_IPR045860_1_1-53,none
A0AA88IY44_IPR045860_1_19-98,none
A0AAD6BQA0_IPR045860_1_55-129,none
A0AAD9MV61_IPR045860_1_19-83,none
A0AAD9QVN7_IPR045860_1_40-125,none
A0AAV3Z6A2_IPR045860_1_23-99,mixture
A0AAW1KMF1_IPR045860_1_29-131,none
A0ABD6EHK3_IPR045860_1_20-115,none
Q5MPP8_IPR045860_1_18-110,none
Q95QW3_IPR045860_1_26-100,Ly6
Centipede3FTx_0089_984703,manually_annotated
A0A7N5P423_IPR045860_1_189-316,none
A0A817HP88_IPR045860_1_166-222,none
A0A8C4TYQ7_IPR045860_1_16-78,none
A0A9F5IM03_IPR016054_1_17-108,Ly6
A0AAA9TGG3_IPR045860_1_42-99,none
A0A9D3NIU9_IPR045860_2_19-109,Ly6
A0A9W3FUM6_IPR016054_2_221-281,mixture
E4YLF4_IPR039457_1_13-152,Ly6
A0A0D8Y5C3_IPR031424_1_2-113,mixture
A0A0M4EAF4_IPR031424_1_3-73,none
A0A1I8ND66_IPR031424_1_23-119,mixture
A0A1S3GZW2_IPR031424_1_23-125,mixture
A0A1S3JP86_IPR031424_1_43-130,none
A0A226DSS2_IPR031424_1_23-131,none
A0A2A6B8J1_IPR045860_1_16-106,mixture
A0A8J2PMA0_IPR031424_1_24-141,none
A0A8K0FVX6_IPR031424_1_24-131,mixture
A0AAE0SAA0_IPR031424_1_25-125,none
E4XG26_IPR031424_1_138-231,none
A0A0F6QGK1_IPR045860_1_11-89,mixture
A0A0N4ZKX4_IPR045860_1_21-82,none
A0A151NC87_IPR045860_1_158-243,mixture
A0A1D1VT78_IPR045860_1_98-207,none
A0A1I7RVE4_IPR045860_1_17-110,mixture
A0A1I8HBH6_IPR045860_1_513-614,none
A0A2C9K422_IPR045860_1_14-69,none
A0A2W1BZJ9_IPR045860_1_23-86,none
A0A3B3SFP9_IPR045860_1_18-91,Ly6
A0A3R7MKN0_IPR045860_1_4-77,mixture
A0A4U5ME25_IPR045860_1_30-128,Ly6
A0A674H6K9_IPR045860_1_33-108,none
A0A6B0VCD7_IPR045860_1_60-143,none
A0A7I4YUC0_IPR045860_1_57-138,mixture
A0A7S0R1K6_IPR045860_1_55-125,Ly6
A0A8J1UDI6_IPR045860_1_21-90,none
A0A914JL77_IPR045860_1_250-317,none
A0A914P0I3_IPR045860_1_7-62,Ly6
A0A914WNB6_IPR045860_1_59-178,none
A0A915BVS1_IPR045860_1_27-134,mixture
A0A915PZ67_IPR045860_1_7-64,none
A0A9D4L0N9_IPR045860_1_2-57,none
A0A9P1IVJ9_IPR045860_1_16-107,mixture
A0AA39F6L5_IPR045860_1_16-106,none
A0A6J3DA86_IPR045860_1_21-76,mixture
A0A6P5A2A8_IPR045860_2_37-126,Ly6
A0A7F8QAG4_IPR045860_1_89-140,Ly6
A0A8C5QS38_IPR045860_2_242-325,mixture
A0A8R1YLV9_IPR016054_1_5-66,Ly6
A0A974CDU6_IPR045860_1_17-166,Ly6
A0A9F5IW75_IPR016054_1_29-135,Ly6
A0AAV5T1P7_IPR045860_1_14-95,mixture
A0AAV5VD36_IPR045860_1_14-96,Ly6
A0AAV6Z5N0_IPR045860_1_60-145,Ly6
A0ABD2NYW7_IPR045860_1_27-107,none
C3ZZL6_IPR045860_1_583-641,none
Q0GAP6_IPR045860_1_20-81,none
A0A8D9BNI4_IPR045860_1_20-113,Quiver
A0A8J2WEI1_IPR045860_1_25-109,mixture
A0A8R2D7F4_IPR045860_1_17-111,mixture
A0A9Y3S0M1_IPR045860_1_307-377,none
A0AA39HM97_IPR045860_1_20-105,mixture
A0AA39M7A2_IPR045860_1_134-204,none
A0AAN4ZHP0_IPR045860_1_23-95,Ly6
A0AAV2QD99_IPR045860_1_46-100,none
A0AAV4DMW8_IPR045860_1_26-88,none
A0AAV5TF97_IPR045860_1_2-72,none
A0ABD3WS81_IPR045860_1_27-79,none
G5CTM2_IPR045860_1_23-116,none
Centipede3FTx_0008_61981,mixture
Centipede3FTx_0040_60158,mixture
Centipede3FTx_0072_61981,manually_annotated
Q2VBN1_IPR045860_1_14-85,mixture
V8N440_IPR003571_1_1-84,none
H9G8X6_IPR045860_2_210-286,Ly6
P0DQX3_IPR045860_2_95-157,mixture
A0A0K0E8P7_IPR031424_1_39-119,Quiver
A0A0T6B2U3_IPR031424_1_21-134,none
A0A6A0GXP2_IPR031424_1_7-107,mixture
A0A8C9J9W8_IPR051445_1_3-71,Ly6
A0A0C9Q3W5_IPR045860_1_27-110,none
A0A0V0XGJ1_IPR045860_1_23-115,none
A0A182NM64_IPR045860_1_59-148,none
A0A4Z2ITI9_IPR045860_1_71-144,none
A0A5A9PIR8_IPR045860_1_115-167,none
A0A653BZP5_IPR045860_1_25-99,mixture
A0A8B7Y2P5_IPR045860_1_18-113,mixture
A0A8B8F9V4_IPR031424_1_29-79,none
A0A8J2J8C2_IPR031424_1_34-125,Quiver
A0A9X6NDI1_IPR031424_2_139-238,Ly6
A0AAV8WFF7_IPR031424_1_25-136,none
A0A026WXJ4_IPR045860_1_1-62,none
A0A0L8FP07_IPR045860_1_1-84,none
A0A2G5SEQ4_IPR045860_1_27-106,none
A0A2I4AR90_IPR045860_1_16-83,mixture
A0A443SL88_IPR045860_1_4-105,none
A0A4U5LUR5_IPR045860_1_72-154,mixture
A0A6I9WVB5_IPR045860_1_22-100,mixture
A0A7J5XAJ6_IPR045860_1_23-97,none
A0A7M5WWS9_IPR045860_1_13-112,none
A0A7R9BZU8_IPR045860_1_6-120,none
A0A813QV19_IPR045860_1_43-97,none
A0A814ET11_IPR045860_1_41-100,mixture
A0A816AGA0_IPR045860_1_5-119,Ly6
A0A816MZY2_IPR045860_1_5-95,mixture
A0A818AUG9_IPR045860_1_44-109,none
A0A8B8DLP4_IPR045860_1_57-131,Quiver
A0A8C2ZCX5_IPR045860_1_19-91,mixture
A0A8C6LK83_IPR045860_1_27-121,none
A0A8C6VN86_IPR045860_1_114-200,mixture
T1FB38_IPR045860_1_12-101,none
W8AZ14_IPR045860_1_27-99,mixture
Centipede3FTx_0045_60158,manually_annotated
Centipede3FTx_0077_61981,manually_annotated
A0A098LYH6_IPR045860_1_13-92,mixture
A0A3B1ISK3_IPR016054_1_43-132,mixture
A0A3M7Q1X2_IPR045860_1_22-121,none
A0A8B6CMS2_IPR035076_1_23-72,none
A0A8D0BLR1_IPR045860_1_18-75,none
A0AAV7V326_IPR045860_1_16-126,none
G7PD21_IPR045860_1_47-101,none
A0A674J103_IPR045860_2_119-171,mixture
A0A7J8BB03_IPR051445_1_24-122,mixture
A0A8T1RYG7_IPR045860_2_119-196,mixture
A0AA97KDG8_IPR045860_1_76-156,mixture
A0AA97LL31_IPR045860_3_107-193,mostly_Ly6
A0AAD1SXJ9_IPR045860_1_2-75,Ly6
A0AAV7Q0A2_IPR045860_2_111-215,Ly6
A0AAW1AWV1_IPR045860_6_1-70,Ly6
A0A8C1EVR4_IPR045860_1_71-129,none
A0A8C1KXS0_IPR045860_1_84-135,mixture
A0A8C6Z7D6_IPR045860_1_23-78,none
A0A8C7ZF54_IPR045860_1_18-73,mixture
A0A8S9YT03_IPR045860_1_16-94,mixture
A0A913X5E8_IPR045860_1_141-238,none
A0A914SUI1_IPR045860_1_21-95,none
A0A9D4DCW9_IPR045860_1_128-204,mixture
A0A9Q0RI29_IPR045860_1_1-77,none
L8YE21_IPR045860_1_1-53,none
Centipede3FTx_0120_60158,manually_annotated
L9KLR5_IPR042339_1_1-54,none
A0A813PAN9_IPR045860_1_19-101,mixture
A0A7J7YNW4_IPR038773_1_1-140,mixture
A0A8C6GIG4_IPR038773_1_57-250,mixture
A0A0F7JJU4_IPR045860_2_115-190,mixture
A0A1A6HFC6_IPR045860_1_46-181,Ly6
A0A7N5KJR1_IPR016054_1_29-125,mixture
A0AA97KF86_IPR045860_1_20-98,mixture
A0AAA9T1I4_IPR045860_1_2-62,Ly6
A0AAD1T3X3_IPR045860_2_118-202,mostly_Ly6
A0AAV7Q3X5_IPR045860_1_424-512,mixture
G1QG83_IPR045860_1_18-101,mixture
A0A164XA57_IPR039457_1_18-127,Ly6
A0A7J7KSY4_IPR039457_1_41-163,none
A0ABD2WFA1_IPR031424_1_25-117,none
A0A0B1SWC8_IPR045860_1_24-116,none
A0A0K0E9Y5_IPR045860_1_6-97,Ly6
A0A0R3RWQ8_IPR045860_1_27-98,none
A0A182E678_IPR045860_1_22-107,mixture
A0A1W4XFK3_IPR045860_1_18-116,none
A0A212EMN2_IPR045860_1_5-68,none
A0A2A6B9Z5_IPR045860_1_53-176,none
A0A3M7RCI7_IPR045860_1_169-241,Ly6
A0A7E4UNJ0_IPR045860_1_19-90,mixture
A0A7S0VUB8_IPR045860_1_14-105,Ly6
A0A813NKV6_IPR045860_1_19-90,none
A0A8J4T8B0_IPR045860_1_5-54,mixture
A0A8K0EHZ8_IPR045860_1_19-122,mixture
A0A8S4SKC7_IPR045860_1_1-54,none
A0A8S9ZVH1_IPR045860_1_45-126,mixture
A0A8T1MDE9_IPR045860_1_21-92,mixture
A0A913XL13_IPR045860_1_490-566,none
A0A9X0CE68_IPR045860_1_174-265,none
A0AA36CEM3_IPR045860_1_7-62,none
A0AAE2D5S9_IPR045860_1_40-103,mixture
A0AAF3F2F2_IPR045860_1_34-110,Ly6
A0AAV2JAK8_IPR045860_1_66-133,mixture
A0AAV2TLD3_IPR045860_1_48-111,Ly6
A0AAV6ZLS9_IPR045860_1_1-68,mixture
A0AAW0Y0S8_IPR045860_1_21-84,mixture
W5M4X6_IPR045860_1_87-141,mostly_Ly6
Centipede3FTx_0059_1255758,mostly_manually_annotated
Centipede3FTx_0123_60158,manually_annotated
A0A914GLY3_IPR045860_1_8-71,none
A0A3Q2HYF9_IPR039237_1_66-164,Ly6
A0A0K2VB75_IPR035076_1_21-72,mixture
A0A672HXW0_IPR045860_2_8-80,mixture
A0A8C0CF61_IPR045860_1_20-86,none
A0A7M7GRR2_IPR045860_1_31-144,none
A0A7R9ANT5_IPR045860_1_84-146,none
A0A7S3D9X3_IPR045860_1_21-86,none
A0A814NIW3_IPR045860_1_20-90,mixture
A0A8B7ZBH0_IPR045860_1_25-115,mixture
A0A8C3F363_IPR045860_1_18-124,none
A0A8J9V6N6_IPR045860_1_9-59,Ly6
A0A8M1MQ92_IPR045860_1_13-67,none
A0A8S3Z4R5_IPR045860_1_1-86,mixture
A0A914UKU9_IPR045860_1_20-106,mixture
A0A9D4F3Z0_IPR045860_1_343-409,none
A0A9J7L2Y8_IPR045860_1_96-184,none
A0AA35VPJ0_IPR045860_1_25-111,mixture
A0AA36FZF4_IPR045860_1_1-55,none
A0AA36GWY8_IPR045860_1_18-97,mixture
A0AAD9NG65_IPR045860_1_230-283,none
A0ABD0N8X1_IPR045860_1_1-56,none
D2VQS4_IPR045860_1_25-111,mixture
H9G8Z4_IPR045860_1_16-101,mixture
K1PX19_IPR045860_2_81-148,mixture
L7MHT0_IPR045860_1_2-74,none
R7UXY0_IPR045860_1_94-150,Ly6
T1J6C3_IPR045860_1_11-91,Ly6
A0A0N4V1D2_IPR045860_1_21-93,none
A0A1B0GXA9_IPR045860_1_21-86,none
A0A1X7VDD8_IPR045860_1_128-242,none
A0A210QJ17_IPR045860_1_35-127,none
A0A2I3SXH2_IPR045860_1_25-101,none
A0A9B0U280_IPR016054_1_21-101,mostly_Ly6
A0A9L0SSL3_IPR045860_2_59-112,mixture
G1UJB0_IPR045860_2_20-114,mostly_Ly6
K7E0K4_IPR016054_3_208-300,none
A0A7M5VET2_IPR045860_1_1-98,none
A0A813PZ80_IPR045860_1_21-87,mixture
A0A818U6W1_IPR045860_1_9-102,mixture
A0A820SNE3_IPR045860_1_69-132,none
A0A8C1VYQ5_IPR045860_1_22-81,mixture
A0A8D8EYL6_IPR045860_1_27-148,none
A0A914IDC6_IPR045860_1_41-96,none
A0A914Z0P7_IPR045860_1_116-196,none
A0A9Q0YDX6_IPR045860_1_30-121,none
A0AAV5TAP5_IPR045860_1_21-102,mixture
A0AAV7T9C4_IPR045860_1_19-85,none
A0ABD1DX19_IPR045860_1_9-71,none
B4GU16_IPR045860_1_105-181,none
P0DPY0_IPR045860_1_22-106,mixture
Centipede3FTx_0004_61981,manually_annotated
Centipede3FTx_0036_60158,manually_annotated
Centipede3FTx_0100_984703,manually_annotated
A0A8C8T5K9_IPR026110_1_35-140,none
A0A820L598_IPR045860_1_27-77,none
A0A9D3S5X7_IPR016054_1_19-113,mixture
A0AAW0MGU5_IPR016054_1_35-92,Ly6
A0A6P8SIG0_IPR045860_1_116-202,mixture
A0A8C5QSE3_IPR045860_2_37-123,mixture
A0AAD9JMX5_IPR045860_1_29-114,Ly6
A0AAV1Q741_IPR016054_1_29-100,Ly6
A0AAW0H6Z6_IPR045860_1_18-90,Ly6
A0A182SJ17_IPR045860_1_10-115,mixture
A0A1D1VGW6_IPR031424_1_24-132,none
A0A1V9XC70_IPR031424_1_23-117,mixture
A0A3M7SL07_IPR031424_1_3-79,none
A0A1S3H0Z1_IPR045860_1_32-107,none
A0A1V9XGM2_IPR045860_1_3-66,none
A0A1X7VNV6_IPR045860_1_29-136,none
A0A260Z1G3_IPR045860_1_32-105,none
A0A3N0XLF4_IPR045860_1_22-82,none
A0A4U5NZH1_IPR045860_1_19-101,none
A0A6A0GZJ4_IPR045860_1_10-60,none
A0A8C4LH24_IPR045860_2_26-108,none
A0A8X6I8W4_IPR045860_1_77-130,none
A0A914IDL7_IPR045860_1_43-105,none
A0A974HX00_IPR045860_1_27-118,none
A0A9D3PWW3_IPR045860_1_25-139,none
A0A9D4B431_IPR045860_1_7-87,none
A0A9Q0YFA6_IPR045860_1_37-119,none
A0AA35WXI3_IPR045860_1_192-289,mixture
A0AA36H002_IPR045860_1_1-57,none
A0A8K0GPW3_IPR045860_1_20-142,Quiver
A0A8W8K4J3_IPR031424_1_23-111,Quiver
A0A914WZU6_IPR031424_1_27-149,mixture
A0A9C6XCY0_IPR031424_1_32-81,mixture
A0AAD8EN74_IPR031424_1_25-127,none
A0A0N5BF53_IPR045860_1_5-59,Ly6
A0A0V0UBI1_IPR045860_1_1-58,none
A0A1I7TRJ6_IPR045860_1_37-95,Quiver
A0A1I7YII5_IPR045860_1_29-124,none
A0A3P8PM98_IPR045860_1_30-81,mixture
A0A674NC48_IPR045860_1_26-86,Ly6
A0A6F9ACW7_IPR045860_1_3-82,none
A0A6G1S6S7_IPR045860_1_3-110,none
A0A6J0DST4_IPR045860_1_34-106,none
A0A7M4DZ02_IPR045860_1_32-95,none
A0A7R9KQA6_IPR045860_1_1-104,none
A0A814EJY6_IPR045860_1_192-247,none
A0A814PF60_IPR045860_1_15-104,Ly6
A0A8B6ERY4_IPR045860_1_19-100,mixture
A0A8B7DRJ4_IPR045860_1_22-104,mixture
A0A8B8EZV4_IPR045860_1_33-141,mixture
A0A8C4WMJ5_IPR045860_1_21-113,none
A0A8C5CHJ5_IPR045860_1_38-115,none
A0A2A6D034_IPR045860_1_57-149,none
A0A2K5H6W3_IPR045860_1_25-85,none
A0A672HY15_IPR045860_1_43-105,Ly6
A0A6P5A1G0_IPR045860_1_69-125,Ly6
A0A7M5X584_IPR045860_1_21-86,none
A0A834Y7F0_IPR045860_1_31-132,none
A0A4D9DQ93_IPR045860_1_5-88,mixture
A0A4U5M1C9_IPR045860_1_13-93,none
A0A5F9DD18_IPR045860_2_120-204,mixture
A0A673CMW7_IPR045860_1_1-62,none
A0A6I8Q673_IPR045860_1_22-78,none
A0A6J2WKY8_IPR045860_2_1-78,none
A0A6P8J5F2_IPR045860_1_29-134,Ly6
A0A6P8NVL9_IPR045860_1_19-99,none
A0A6P8R0I9_IPR045860_1_21-122,mixture
A0A7J7K4I5_IPR045860_1_100-196,none
A0A1D1W0Z2_IPR045860_1_21-110,mixture
A0A2J7RCP2_IPR031424_1_20-94,mixture
A0A419QDL7_IPR031424_1_49-135,mixture
A0A553PQ88_IPR031424_1_65-138,none
A0A6A4J1W8_IPR031424_1_23-124,none
A0A8D9EEC0_IPR045860_1_36-100,Quiver
A0A8S3ZD21_IPR045860_1_1-90,mixture
A0A9Q0MUQ9_IPR031424_1_22-152,Quiver
A0AAW1KEF1_IPR031424_1_22-122,none
A0A0A0QVT0_IPR045860_1_1-59,none
A0A0B1S3M7_IPR045860_1_18-91,mixture
A0A2G8KSN0_IPR045860_1_1-52,none
A0A369SFB3_IPR045860_1_30-118,none
A0A3M6V1V9_IPR045860_1_24-100,none
A0A482WBZ3_IPR045860_1_23-97,none
A0A4U5M1E1_IPR045860_1_33-149,none
A0A672J2F4_IPR045860_1_20-76,none
A0A6F9AWL3_IPR045860_3_79-133,mixture
A0A7J8AY79_IPR045860_1_29-112,none
A0A7K8YTB0_IPR045860_1_7-87,none
A0A7M5X6C4_IPR045860_1_26-115,none
A0A7R8W3R3_IPR045860_1_82-181,none
A0A811KAY1_IPR045860_1_14-122,Quiver
A0A816RLQ1_IPR045860_1_5-78,none
A0A821LEG1_IPR045860_2_139-203,none
A0A8B7PH04_IPR045860_1_27-104,mixture
A0A8C5MR88_IPR045860_1_23-95,mixture
A0A8I3WKN2_IPR045860_1_80-163,none
A0A8J9Z2A7_IPR045860_1_24-121,mixture
A0A913YSX5_IPR045860_1_1-83,none
A0A914IY65_IPR045860_1_181-248,none
A0A9N9T6H2_IPR045860_1_5-56,none
A0A9P1HRW4_IPR045860_1_35-101,mixture
A0A9W7WT82_IPR045860_1_8-63,Ly6
A0AA35PDW3_IPR045860_1_17-98,mixture
A0AA97KCV8_IPR045860_1_33-91,mixture
A0AAD9Q6B2_IPR045860_1_25-107,mixture
A0AAE1Q6Z9_IPR045860_1_4-71,Ly6
A0AAN7VHR4_IPR045860_1_15-112,mixture
A2BI28_IPR045860_1_15-83,none
T1GBA5_IPR045860_1_46-120,Ly6
Centipede3FTx_0016_60158,manually_annotated
Centipede3FTx_0080_61981,manually_annotated
A0A454XXZ8_IPR045860_1_9-90,mixture
A0A6P7ZHU5_IPR016054_1_21-102,mixture
A0A814ASR0_IPR045860_1_26-113,mixture
A0A7J7SCZ8_IPR045860_3_211-261,mixture
A0A8J1JZC7_IPR045860_1_104-177,Ly6
A0A8J1LAE3_IPR016054_1_18-111,Ly6
A0A8T1S1I7_IPR045860_1_114-183,none
A0A8T2IRT7_IPR045860_2_115-195,mostly_Ly6
A0AA40HIG7_IPR045860_1_38-190,Ly6
A0A6P8HNU1_IPR016054_1_22-103,mixture
A0A851KA47_IPR039457_1_1-82,mixture
A0A1B6EBJ6_IPR031424_1_5-77,none
A0A1W0WFV8_IPR031424_1_22-108,Quiver
A0A813SHY2_IPR031424_1_40-132,mostly_Quiver
A0A8S4PWZ4_IPR031424_1_125-235,mixture
A0A915DCF7_IPR031424_1_72-158,none
A0A9P0JQD5_IPR031424_1_24-109,mixture
A0AAD8AD41_IPR031424_1_21-105,none
A0AAW1L336_IPR031424_1_24-101,none
A0A085NDT4_IPR045860_1_28-150,mixture
A0A0K0DTX4_IPR045860_1_17-108,Ly6
A0A1I7UV27_IPR045860_1_12-86,none
A0A267H8E8_IPR045860_1_251-319,none
A0A2A6B673_IPR045860_1_17-106,none
A0A3Q1EFH7_IPR045860_1_1-54,none
A0A498NQ74_IPR045860_1_77-126,mixture
A0A4U5M488_IPR045860_1_21-104,mixture
A0A553PG42_IPR045860_1_25-155,none
A0A5N5SJ70_IPR045860_1_66-143,none
A0A6F9DVC4_IPR045860_1_19-124,none
A0A8C5CYP2_IPR045860_1_6-99,none
A0A8D3AVK4_IPR045860_1_2-76,none
A0A8D8NQM4_IPR045860_1_50-145,mixture
A0A8S9YVM8_IPR045860_1_19-84,none
A0A8T2L074_IPR045860_1_47-115,Ly6
A0A914FFU1_IPR045860_1_18-88,Ly6
A0A914J1B6_IPR045860_1_5-69,none
A0A9U8EMM2_IPR045860_1_28-121,none
A0AA39IQY4_IPR045860_1_86-161,mixture
A0AA47N0X1_IPR045860_1_2-72,mixture
A0AAD8A6M0_IPR045860_1_2-72,none
A0AAD9K5S4_IPR045860_1_22-84,mixture
A0AAN8XCL9_IPR045860_1_23-72,none
A0AAV6ZHX9_IPR045860_2_104-184,mixture
A0AAV7JZ97_IPR045860_1_22-111,none
A0AAW0ML87_IPR045860_1_117-180,none
A0AAW1AWZ8_IPR045860_1_229-317,mixture
A7RU85_IPR045860_1_23-112,mixture
C3YF08_IPR045860_1_20-88,none
M4H2H9_IPR045860_1_17-79,none
Centipede3FTx_0019_1255758,mixture
Centipede3FTx_0083_61981,manually_annotated
A0A6I8N2M3_IPR042339_1_9-118,mostly_Ly6
A0A8J6A6H0_IPR026110_1_1-85,none
A0A444V7R9_IPR045860_4_17-88,mixture
A0A6B0RUV3_IPR016054_1_15-109,mostly_Ly6
A0A814DSB1_IPR045860_1_26-110,mixture
A0A8C4TDL5_IPR045860_7_288-362,mostly_Ly6
A0A8S3SG34_IPR045860_1_97-190,mixture
A0AAF3J2H5_IPR045860_1_22-105,mixture
A0A401PTF8_IPR045860_2_108-173,Ly6
A0A6G0IXG8_IPR016054_1_34-100,mixture
A0A6P9CDN4_IPR045860_1_18-99,mixture
A0A821PA83_IPR045860_1_4-76,Ly6
A0A8C0G175_IPR045860_1_86-158,Ly6
A0A914DRE6_IPR045860_1_105-185,mixture
A0AAV7PWX0_IPR016054_2_30-123,Ly6
A0AAX7UM57_IPR016054_2_111-197,mixture
G3UAV3_IPR016054_1_27-106,mostly_Ly6
A0A1L6ZA41_IPR026524_1_10-69,none
A0AAD9DYH2_IPR039457_1_47-98,none
A0A226CXW4_IPR031424_1_209-319,none
A0A2K8JML4_IPR031424_1_22-151,mixture
L9JFB6_IPR039457_1_5-119,mixture
A0A336LYX6_IPR045860_1_25-110,none
A0A7I8WSK8_IPR031424_1_45-161,mixture
A0A8J1TLI8_IPR031424_1_22-125,none
A0A9J6C081_IPR031424_1_126-224,Quiver
A0A9X6RNH8_IPR031424_1_22-111,none
A0AA36FXT8_IPR031424_1_24-117,Quiver
A0A1D1V2H0_IPR045860_1_20-126,none
A0A1I7ZEJ7_IPR045860_1_20-103,mixture
A0A1Y1LHT3_IPR045860_1_64-117,mixture
A0A224XN82_IPR045860_1_1-59,none
A0A2A6B7I4_IPR045860_1_89-188,none
A0A341B4I9_IPR045860_1_20-74,mixture
A0A4U5M496_IPR045860_1_122-200,mixture
A0A4U8UQC9_IPR045860_1_19-99,none
A0A4W3IZP1_IPR045860_1_40-134,none
A0A6J1P077_IPR045860_1_19-159,none
A0A7R9GBX8_IPR045860_1_12-89,none
A0A822G307_IPR045860_1_5-55,none
A0A8B8VNU0_IPR045860_1_12-62,Ly6
A0A8C8JP42_IPR045860_1_5-83,none
A0A8D2JIH4_IPR045860_1_26-76,Ly6
A0A8I5YPA3_IPR045860_1_25-84,none
A0A914JTL9_IPR045860_1_20-78,none
A0A914X1Q0_IPR045860_1_27-104,none
A0A9D4LPP4_IPR045860_1_28-113,mixture
A0A9Q1GA89_IPR045860_1_6-77,mixture
A0A9W9ZP78_IPR045860_1_86-175,none
A0AA36GTX8_IPR045860_1_13-103,none
A0AA36MAJ4_IPR045860_1_38-92,none
A0AAD9R5Z8_IPR045860_1_15-88,none
A0AAE0VEQ6_IPR045860_1_404-482,none
A0AAU9WM84_IPR045860_1_19-113,none
A0AAV2TU50_IPR045860_1_16-81,none
A0AAV6Z364_IPR045860_1_1-75,mixture
A0ABD3UYT6_IPR045860_1_10-74,none
F6XPQ3_IPR045860_1_63-135,none
T1ILG0_IPR045860_1_12-69,none
V4CRU8_IPR045860_1_45-107,none
A0A1U7QU12_IPR042339_1_1-96,mixture
A0A484GQ91_IPR042339_1_41-118,none
A0A2T7NKQ0_IPR045860_1_26-95,none
A0A4U5PHI3_IPR045860_1_21-97,none
A0A674J9W8_IPR045860_1_18-67,mixture
A0A814M5N4_IPR045860_1_15-93,none
A0A7G3AGZ0_IPR045860_1_4-85,none
A0A7I8VIA7_IPR045860_1_60-153,none
A0A7M7L7E2_IPR045860_2_145-210,none
A0A821DEK8_IPR045860_1_13-92,mixture
A0A9W9Y813_IPR045860_1_3-81,none
A0AA35VVV8_IPR045860_1_89-139,Ly6
A0AAD1W705_IPR045860_1_52-101,Ly6
A0AAD9NIP8_IPR045860_1_2-77,none
A0AAE0VXI9_IPR045860_1_9-102,mixture
A0AAJ7SM78_IPR045860_1_2-56,none
A0AAN8I461_IPR045860_1_1-58,Ly6
A0A0A0QUX4_IPR045860_1_18-69,none
A0A0N5AVA4_IPR045860_1_18-110,Ly6
A0A1I7Y7B6_IPR045860_1_22-95,mixture
A0A1X7VMF3_IPR045860_1_25-96,none
A0A267FE13_IPR045860_1_77-159,none
A0A401RYL5_IPR016054_1_20-108,mixture
A0A6P7WY53_IPR045860_2_20-94,none
A0A8B6HFD7_IPR016054_2_206-301,mixture
A0A8C3TZZ5_IPR045860_1_29-94,none
A0A914SCK2_IPR045860_1_15-108,mixture
A0A8C7AE63_IPR045860_2_121-207,mostly_Ly6
A0A9D3PHI6_IPR045860_1_19-108,mixture
A0A9Q0X862_IPR045860_3_250-332,Ly6
A0AA35PAI4_IPR045860_1_60-147,mixture
A0A9N9TL37_IPR031424_1_20-93,none
A0A9P0CKC3_IPR031424_1_24-121,mixture
A0AAE9ECB9_IPR031424_1_30-169,mixture
A0AAW1UZC9_IPR031424_1_19-128,none
V4AFQ7_IPR031424_1_44-125,none
A0A9W2X6I2_IPR051445_1_47-112,mixture
A0A067RRM3_IPR045860_1_1-78,none
A0A5F4WEP0_IPR045860_1_159-273,mixture
A0A672L629_IPR045860_1_11-92,none
A0A6J8DGY3_IPR045860_1_75-168,none
A0A8C5PT57_IPR045860_1_33-104,mixture
A0A556TW63_IPR045860_1_16-69,none
A0A671UC21_IPR045860_1_10-75,none
A0A6S7G4S7_IPR045860_1_1-75,none
A0A8B6D8I8_IPR045860_1_15-110,none
A0A8C5TTS8_IPR045860_1_30-112,none
A0A8J1U7F8_IPR045860_1_24-113,mixture
A0A8J6E8Q3_IPR045860_2_62-127,Ly6
A0A8S1HML4_IPR045860_1_31-115,mostly_Ly6
A0AAV8VRB0_IPR031424_1_21-101,mixture
A1Z8Y5_IPR031424_1_26-123,mixture
A0AAV2PG25_IPR045860_1_44-99,none
A0AAV5VD69_IPR045860_1_14-86,none
A0AAV6UAT7_IPR045860_1_25-84,mixture
E0W218_IPR045860_1_19-88,none
A0A8S2KJM8_IPR031424_1_23-88,none
A0AAD8EMJ0_IPR031424_1_22-136,mixture
B4G719_IPR031424_1_24-125,mixture
E9H2D7_IPR031424_1_24-151,mixture
A0A016U7J7_IPR045860_1_34-87,none
A0A0C2NE02_IPR045860_1_3-88,none
A0A814D4D4_IPR045860_1_40-103,none
A0A814NNU2_IPR045860_1_23-125,Quiver
A0A834R8A3_IPR045860_1_1-102,none
A0A8B7DGG4_IPR045860_1_44-134,none
A0A1W0W9F2_IPR045860_1_295-354,none
A0A1X7VRX7_IPR045860_1_130-204,none
A0A210QMG5_IPR045860_1_21-111,mixture
