protein_id,protein_name,organism,sequence_length,domain_start,domain_end,domain_score,signature_name
A0A091DVJ4,UPAR/Ly6 domain-containing protein,Fukomys damarensis (Damaraland mole rat),172,43,171,,InterPro:IPR042339
A0A096MSF9,UPAR/Ly6 domain-containing protein,Papio anubis (Olive baboon),268,144,268,,InterPro:IPR042339
A0A0D9RA07,UPAR/Ly6 domain-containing protein,Chlorocebus sabaeus (Green monkey),125,1,125,,InterPro:IPR042339
A0A0P6J2F5,UPAR/Ly6 domain-containing protein,Heterocephalus glaber (Naked mole rat),134,5,134,,InterPro:IPR042339
A0A1A6GES9,UPAR/Ly6 domain-containing protein,Neotoma lepida (Desert woodrat),202,91,198,,InterPro:IPR042339
A0A1S3AI51,UPAR/Ly6 domain-containing protein,Erinaceus europaeus (Western European hedgehog),125,1,125,,InterPro:IPR042339
A0A1S3FVM6,UPAR/Ly6 domain-containing protein,Dipodomys ordii (Ord's kangaroo rat),124,1,120,,InterPro:IPR042339
A0A1S3FXP1,UPAR/Ly6 domain-containing protein,Dipodomys ordii (Ord's kangaroo rat),130,23,126,,InterPro:IPR042339
A0A1U7QU12,UPAR/Ly6 domain-containing protein,Mesocricetus auratus (Golden hamster),111,1,96,,InterPro:IPR042339
A0A1U7RBX1,UPAR/Ly6 domain-containing protein,Mesocricetus auratus (Golden hamster),130,4,127,,InterPro:IPR042339
A0A1U7U703,UPAR/Ly6 domain-containing protein,Carlito syrichta (Philippine tarsier),128,1,128,,InterPro:IPR042339
A0A287CXF4,UPAR/Ly6 domain-containing protein,Ictidomys tridecemlineatus (Thirteen-lined ground squirrel),107,16,92,,InterPro:IPR042339
A0A2K5ER68,UPAR/Ly6 domain-containing protein,Aotus nancymaae (Ma's night monkey),123,1,123,,InterPro:IPR042339
A0A2K5JUZ2,UPAR/Ly6 domain-containing protein,Colobus angolensis palliatus (Peters' Angolan colobus),128,1,128,,InterPro:IPR042339
A0A2K5P630,UPAR/Ly6 domain-containing protein,Cercocebus atys (Sooty mangabey),125,1,125,,InterPro:IPR042339
A0A2K5S878,UPAR/Ly6 domain-containing protein,Cebus imitator (Panamanian white-faced capuchin),123,1,123,,InterPro:IPR042339
A0A2K5ZTZ3,UPAR/Ly6 domain-containing protein,Mandrillus leucophaeus (Drill),125,1,125,,InterPro:IPR042339
A0A2K6E5X9,UPAR/Ly6 domain-containing protein,Macaca nemestrina (Pig-tailed macaque),125,1,125,,InterPro:IPR042339
A0A2K6ENJ9,UPAR/Ly6 domain-containing protein,Propithecus coquereli (Coquerel's sifaka),128,1,128,,InterPro:IPR042339
A0A2K6JVU9,UPAR/Ly6 domain-containing protein,Rhinopithecus bieti (Black snub-nosed monkey),128,1,128,,InterPro:IPR042339
A0A2K6RKA5,UPAR/Ly6 domain-containing protein,Rhinopithecus roxellana (Golden snub-nosed monkey),132,5,132,,InterPro:IPR042339
A0A2K6TG80,UPAR/Ly6 domain-containing protein,Saimiri boliviensis boliviensis (Bolivian squirrel monkey),122,1,122,,InterPro:IPR042339
A0A2R9C091,UPAR/Ly6 domain-containing protein,Pan paniscus (Pygmy chimpanzee),147,20,147,,InterPro:IPR042339
A0A2U3WB64,UPAR/Ly6 domain-containing protein,Odobenus rosmarus divergens (Pacific walrus),128,1,128,,InterPro:IPR042339
A0A2U3YR12,UPAR/Ly6 domain-containing protein,Leptonychotes weddellii (Weddell seal),128,1,128,,InterPro:IPR042339
A0A2Y9E5C5,UPAR/Ly6 domain-containing protein,Trichechus manatus latirostris (Florida manatee),124,1,124,,InterPro:IPR042339
A0A2Y9FBS2,UPAR/Ly6 domain-containing protein,Physeter macrocephalus (Sperm whale),128,1,128,,InterPro:IPR042339
A0A2Y9GY70,UPAR/Ly6 domain-containing protein,Neomonachus schauinslandi (Hawaiian monk seal),128,1,128,,InterPro:IPR042339
A0A2Y9JDG9,UPAR/Ly6 domain-containing protein,Enhydra lutris kenyoni (northern sea otter),131,1,124,,InterPro:IPR042339
A0A2Y9LR86,UPAR/Ly6 domain-containing protein,Delphinapterus leucas (Beluga whale),128,1,128,,InterPro:IPR042339
A0A337SJ42,UPAR/Ly6 domain-containing protein,Felis catus (Cat),130,1,130,,InterPro:IPR042339
A0A340XTN5,UPAR/Ly6 domain-containing protein,Lipotes vexillifer (Yangtze river dolphin),128,1,128,,InterPro:IPR042339
A0A341B4E4,UPAR/Ly6 domain-containing protein,Neophocaena asiaeorientalis asiaeorientalis (Yangtze finless porpoise),128,1,128,,InterPro:IPR042339
A0A384CS38,Lymphocyte antigen 6D,Ursus maritimus (Polar bear),128,1,128,,InterPro:IPR042339
A0A3Q7P0G2,UPAR/Ly6 domain-containing protein,Callorhinus ursinus (Northern fur seal),128,1,128,,InterPro:IPR042339
A0A3Q7P9V9,UPAR/Ly6 domain-containing protein,Callorhinus ursinus (Northern fur seal),164,37,164,,InterPro:IPR042339
A0A3Q7R5M7,UPAR/Ly6 domain-containing protein,Vulpes vulpes (Red fox),128,1,128,,InterPro:IPR042339
A0A452CQ16,UPAR/Ly6 domain-containing protein,Balaenoptera acutorostrata scammoni (North Pacific minke whale),194,81,194,,InterPro:IPR042339
A0A452QDK4,UPAR/Ly6 domain-containing protein,Ursus americanus (American black bear),128,1,128,,InterPro:IPR042339
A0A452V3S0,UPAR/Ly6 domain-containing protein,Ursus maritimus (Polar bear),128,1,128,,InterPro:IPR042339
A0A484GQ91,Snake toxin/toxin-like domain-containing protein,Sousa chinensis (Indo-pacific humpbacked dolphin),118,41,118,,InterPro:IPR042339
A0A485MZW4,UPAR/Ly6 domain-containing protein,Lynx pardinus (Iberian lynx),130,1,130,,InterPro:IPR042339
A0A4U1F4W8,UPAR/Ly6 domain-containing protein,Monodon monoceros (Narwhal),158,45,158,,InterPro:IPR042339
A0A4W2C2V3,UPAR/Ly6 domain-containing protein,Bos indicus x Bos taurus (Hybrid cattle),125,1,125,,InterPro:IPR042339
A0A4W2F4W1,UPAR/Ly6 domain-containing protein,Bos indicus x Bos taurus (Hybrid cattle),125,1,125,,InterPro:IPR042339
A0A4X1UTM1,UPAR/Ly6 domain-containing protein,Sus scrofa (Pig),128,1,128,,InterPro:IPR042339
A0A4X2LGR9,UPAR/Ly6 domain-containing protein,Vombatus ursinus (Common wombat),140,36,139,,InterPro:IPR042339
A0A4X2LJP8,UPAR/Ly6 domain-containing protein,Vombatus ursinus (Common wombat),121,1,120,,InterPro:IPR042339
A0A5F4WGV7,Snake toxin/toxin-like domain-containing protein,Callithrix jacchus (White-tufted-ear marmoset),187,1,77,,InterPro:IPR042339
A0A5F7ZL90,UPAR/Ly6 domain-containing protein,Macaca mulatta (Rhesus macaque),157,33,157,,InterPro:IPR042339
A0A5N3WAD4,UPAR/Ly6 domain-containing protein,Muntiacus muntjak (Barking deer),122,1,122,,InterPro:IPR042339
A0A5N3XGA0,UPAR/Ly6 domain-containing protein,Muntiacus reevesi (Reeves' muntjac),128,1,128,,InterPro:IPR042339
A0A5N4CIL7,UPAR/Ly6 domain-containing protein,Camelus dromedarius (Dromedary),127,1,127,,InterPro:IPR042339
A0A643BR53,UPAR/Ly6 domain-containing protein,Balaenoptera physalus (Fin whale),158,45,158,,InterPro:IPR042339
A0A663DE88,UPAR/Ly6 domain-containing protein,Pongo abelii (Sumatran orangutan),128,1,128,,InterPro:IPR042339
A0A667HU90,UPAR/Ly6 domain-containing protein,Lynx canadensis (Canada lynx),129,1,129,,InterPro:IPR042339
A0A671F9U2,UPAR/Ly6 domain-containing protein,Rhinolophus ferrumequinum (Greater horseshoe bat),127,1,127,,InterPro:IPR042339
A0A673VQC8,UPAR/Ly6 domain-containing protein,Suricata suricatta (Meerkat),128,1,128,,InterPro:IPR042339
A0A6B0RWQ9,UPAR/Ly6 domain-containing protein,Bos mutus (wild yak),217,105,217,,InterPro:IPR042339
A0A6D2XIQ3,UPAR/Ly6 domain-containing protein,Pan troglodytes (Chimpanzee),128,1,128,,InterPro:IPR042339
A0A6G1A7Q7,UPAR/Ly6 domain-containing protein,Crocuta crocuta (Spotted hyena),126,12,119,,InterPro:IPR042339
A0A6I8N2M3,UPAR/Ly6 domain-containing protein,Ornithorhynchus anatinus (Duckbill platypus),118,9,118,,InterPro:IPR042339
A0A6I9IFR3,UPAR/Ly6 domain-containing protein,Vicugna pacos (Alpaca),128,1,128,,InterPro:IPR042339
A0A6I9LWH4,UPAR/Ly6 domain-containing protein,Peromyscus maniculatus bairdii (Prairie deer mouse),127,1,123,,InterPro:IPR042339
A0A6J0Y251,UPAR/Ly6 domain-containing protein,Odocoileus virginianus texanus,128,1,128,,InterPro:IPR042339
A0A6J1ZQZ5,UPAR/Ly6 domain-containing protein,Acinonyx jubatus (Cheetah),130,1,129,,InterPro:IPR042339
A0A6J2BBA4,UPAR/Ly6 domain-containing protein,Zalophus californianus (California sealion),128,1,128,,InterPro:IPR042339
A0A6J2NAA9,UPAR/Ly6 domain-containing protein,Phyllostomus discolor (pale spear-nosed bat),128,1,128,,InterPro:IPR042339
A0A6J3FCU2,UPAR/Ly6 domain-containing protein,Sapajus apella (Brown-capped capuchin),123,1,123,,InterPro:IPR042339
A0A6J3QAH1,UPAR/Ly6 domain-containing protein,Tursiops truncatus (Atlantic bottle-nosed dolphin),128,1,128,,InterPro:IPR042339
A0A6P3FG66,UPAR/Ly6 domain-containing protein,Octodon degus (Degu),130,1,130,,InterPro:IPR042339
A0A6P3HFU6,UPAR/Ly6 domain-containing protein,Bison bison bison (North American plains bison),128,1,128,,InterPro:IPR042339
A0A6P5KXC8,UPAR/Ly6 domain-containing protein,Phascolarctos cinereus (Koala),164,49,144,,InterPro:IPR042339
A0A6P5L4Y3,UPAR/Ly6 domain-containing protein,Phascolarctos cinereus (Koala),121,1,120,,InterPro:IPR042339
A0A6P5RB85,UPAR/Ly6 domain-containing protein,Mus caroli (Ryukyu mouse),131,5,128,,InterPro:IPR042339
A0A7J7F872,UPAR/Ly6 domain-containing protein,Diceros bicornis minor (South-central black rhinoceros),139,14,139,,InterPro:IPR042339
A0A7J7TIU9,UPAR/Ly6 domain-containing protein,Myotis myotis (Greater mouse-eared bat),127,1,127,,InterPro:IPR042339
A0A7J7VMQ4,UPAR/Ly6 domain-containing protein,Pipistrellus kuhlii (Kuhl's pipistrelle),124,1,123,,InterPro:IPR042339
A0A7J8BBH3,UPAR/Ly6 domain-containing protein,Molossus molossus (Pallas' mastiff bat),127,1,127,,InterPro:IPR042339
A0A7J8C310,UPAR/Ly6 domain-containing protein,Rousettus aegyptiacus (Egyptian fruit bat),127,1,127,,InterPro:IPR042339
A0A7N4NVL1,UPAR/Ly6 domain-containing protein,Sarcophilus harrisii (Tasmanian devil),169,48,167,,InterPro:IPR042339
A0A7N4UZB0,UPAR/Ly6 domain-containing protein,Sarcophilus harrisii (Tasmanian devil),119,12,117,,InterPro:IPR042339
A0A7N5KDU5,UPAR/Ly6 domain-containing protein,Ailuropoda melanoleuca (Giant panda),128,1,128,,InterPro:IPR042339
A0A7N5KG31,UPAR/Ly6 domain-containing protein,Ailuropoda melanoleuca (Giant panda),258,131,258,,InterPro:IPR042339
A0A7N9CG56,UPAR/Ly6 domain-containing protein,Macaca fascicularis (Crab-eating macaque),123,1,123,,InterPro:IPR042339
A0A811ZZM4,UPAR/Ly6 domain-containing protein,Nyctereutes procyonoides (Raccoon dog),128,1,128,,InterPro:IPR042339
A0A833ZP93,UPAR/Ly6 domain-containing protein,Phyllostomus discolor (pale spear-nosed bat),128,1,128,,InterPro:IPR042339
A0A835ZYH2,UPAR/Ly6 domain-containing protein,Ovis aries (Sheep),315,203,315,,InterPro:IPR042339
A0A8B6ZSL1,UPAR/Ly6 domain-containing protein,Orycteropus afer afer,120,1,120,,InterPro:IPR042339
A0A8B7K654,UPAR/Ly6 domain-containing protein,Camelus ferus (Wild bactrian camel),128,1,128,,InterPro:IPR042339
A0A8B7SLG6,UPAR/Ly6 domain-containing protein,Hipposideros armiger (Great Himalayan leaf-nosed bat),127,1,127,,InterPro:IPR042339
A0A8B7U3I4,UPAR/Ly6 domain-containing protein,Castor canadensis (American beaver),128,1,127,,InterPro:IPR042339
A0A8B8VPF6,UPAR/Ly6 domain-containing protein,Balaenoptera musculus (Blue whale),128,1,128,,InterPro:IPR042339
A0A8B9WHA5,UPAR/Ly6 domain-containing protein,Bos mutus grunniens (Wild yak),169,42,169,,InterPro:IPR042339
A0A8B9WKW9,UPAR/Ly6 domain-containing protein,Bos mutus grunniens (Wild yak),125,1,125,,InterPro:IPR042339
A0A8C0KYI3,UPAR/Ly6 domain-containing protein,Canis lupus dingo (dingo),128,1,128,,InterPro:IPR042339
A0A8C0RHX7,UPAR/Ly6 domain-containing protein,Canis lupus familiaris (Dog),224,97,224,,InterPro:IPR042339
A0A8C0RHZ3,UPAR/Ly6 domain-containing protein,Canis lupus familiaris (Dog),128,1,128,,InterPro:IPR042339
A0A8C0XIA0,UPAR/Ly6 domain-containing protein,Castor canadensis (American beaver),130,3,129,,InterPro:IPR042339
A0A8C2MCZ1,UPAR/Ly6 domain-containing protein,Cricetulus griseus (Chinese hamster),127,1,124,,InterPro:IPR042339
A0A8C2VUG9,UPAR/Ly6 domain-containing protein,Chinchilla lanigera (Long-tailed chinchilla),129,1,129,,InterPro:IPR042339
A0A8C2XY91,UPAR/Ly6 domain-containing protein,Capra hircus (Goat),128,1,128,,InterPro:IPR042339
A0A8C3WCT9,UPAR/Ly6 domain-containing protein,Catagonus wagneri (Chacoan peccary),128,1,128,,InterPro:IPR042339
A0A8C4N274,UPAR/Ly6 domain-containing protein,Equus asinus asinus,246,119,246,,InterPro:IPR042339
A0A8C5KHE8,UPAR/Ly6 domain-containing protein,Jaculus jaculus (Lesser Egyptian jerboa),127,3,126,,InterPro:IPR042339
A0A8C5VE09,UPAR/Ly6 domain-containing protein,Microcebus murinus (Gray mouse lemur),128,1,128,,InterPro:IPR042339
A0A8C6AFJ5,UPAR/Ly6 domain-containing protein,Marmota marmota marmota (Alpine marmot),106,15,92,,InterPro:IPR042339
A0A8C6C5M1,UPAR/Ly6 domain-containing protein,Monodon monoceros (Narwhal),128,1,128,,InterPro:IPR042339
A0A8C6EPR9,UPAR/Ly6 domain-containing protein,Marmota marmota marmota (Alpine marmot),127,1,127,,InterPro:IPR042339
A0A8C6FNV0,UPAR/Ly6 domain-containing protein,Moschus moschiferus (Siberian musk deer),125,1,125,,InterPro:IPR042339
A0A8C6HJI3,UPAR/Ly6 domain-containing protein,Mus spicilegus (Steppe mouse),127,1,124,,InterPro:IPR042339
A0A8C6RKS9,UPAR/Ly6 domain-containing protein,Nannospalax galili (Northern Israeli blind subterranean mole rat),126,1,123,,InterPro:IPR042339
A0A8C7BB17,UPAR/Ly6 domain-containing protein,Neovison vison (American mink),128,1,128,,InterPro:IPR042339
A0A8C8WAS1,UPAR/Ly6 domain-containing protein,Panthera leo (Lion),130,1,130,,InterPro:IPR042339
A0A8C9AID1,UPAR/Ly6 domain-containing protein,Prolemur simus (Greater bamboo lemur),128,1,128,,InterPro:IPR042339
A0A8C9E5Y9,UPAR/Ly6 domain-containing protein,Phocoena sinus (Vaquita),128,1,128,,InterPro:IPR042339
A0A8C9HWB6,UPAR/Ly6 domain-containing protein,Piliocolobus tephrosceles (Ugandan red Colobus),160,33,160,,InterPro:IPR042339
A0A8C9Q8Y6,UPAR/Ly6 domain-containing protein,Spermophilus dauricus (Daurian ground squirrel),114,8,99,,InterPro:IPR042339
A0A8C9QBY8,Snake toxin/toxin-like domain-containing protein,Spermophilus dauricus (Daurian ground squirrel),126,1,126,,InterPro:IPR042339
A0A8D0RKF3,UPAR/Ly6 domain-containing protein,Sus scrofa (Pig),128,1,128,,InterPro:IPR042339
A0A8D1GMK3,Lymphocyte antigen 6 family member D,Sus scrofa (Pig),128,1,128,,InterPro:IPR042339
A0A8D2DN11,UPAR/Ly6 domain-containing protein,Sciurus vulgaris (Eurasian red squirrel),106,15,91,,InterPro:IPR042339
A0A8D2FFE3,UPAR/Ly6 domain-containing protein,Theropithecus gelada (Gelada baboon),125,1,125,,InterPro:IPR042339
A0A8D2H9K1,UPAR/Ly6 domain-containing protein,Urocitellus parryii (Arctic ground squirrel),127,1,127,,InterPro:IPR042339
A0A8D2JRF5,UPAR/Ly6 domain-containing protein,Sciurus vulgaris (Eurasian red squirrel),127,1,121,,InterPro:IPR042339
A0A8I3NTH0,Uncharacterized protein,Canis lupus familiaris (Dog),224,97,224,,InterPro:IPR042339
A0A8I3P2E2,Uncharacterized protein,Canis lupus familiaris (Dog),128,1,128,,InterPro:IPR042339
A0A8J4TEI8,Snake toxin/toxin-like domain-containing protein,Paragonimus heterotremus,127,11,119,,InterPro:IPR042339
A0A8J6AAH1,UPAR/Ly6 domain-containing protein,Galemys pyrenaicus (Iberian desman),427,186,305,,InterPro:IPR042339
A0A8J6GXM4,UPAR/Ly6 domain-containing protein,Microtus ochrogaster (Prairie vole),119,8,117,,InterPro:IPR042339
A0A8U0SRK5,UPAR/Ly6 domain-containing protein,Mustela putorius furo (European domestic ferret),128,1,128,,InterPro:IPR042339
A0A9B0ST93,UPAR/Ly6 domain-containing protein,Chrysochloris asiatica (Cape golden mole),124,1,124,,InterPro:IPR042339
A0A9J7JH76,UPAR/Ly6 domain-containing protein,Cricetulus griseus (Chinese hamster),127,1,124,,InterPro:IPR042339
A0A9L0JZ64,UPAR/Ly6 domain-containing protein,Equus asinus (Donkey),246,119,246,,InterPro:IPR042339
A0A9V1G5A7,UPAR/Ly6 domain-containing protein,Panthera pardus (Leopard),130,1,130,,InterPro:IPR042339
A0A9W3F515,UPAR/Ly6 domain-containing protein,Camelus bactrianus (Bactrian camel),128,1,128,,InterPro:IPR042339
A0AA41TD43,UPAR/Ly6 domain-containing protein,Sciurus carolinensis (Eastern gray squirrel),131,5,125,,InterPro:IPR042339
A0AAD4U641,UPAR/Ly6 domain-containing protein,Ovis ammon polii,401,289,401,,InterPro:IPR042339
A0AAV0A2L5,UPAR/Ly6 domain-containing protein,Phodopus roborovskii (Roborovski's desert hamster),127,1,124,,InterPro:IPR042339
A0AAW0H2N8,UPAR/Ly6 domain-containing protein,Myodes glareolus (Bank vole),130,4,127,,InterPro:IPR042339
A0ABD2DK90,Lymphocyte antigen 6D,Daubentonia madagascariensis (Aye-aye),128,1,128,,InterPro:IPR042339
A6HRY4,UPAR/Ly6 domain-containing protein,Rattus norvegicus (Rat),127,1,125,,InterPro:IPR042339
D2HHG6,UPAR/Ly6 domain-containing protein,Ailuropoda melanoleuca (Giant panda),111,1,111,,InterPro:IPR042339
D3ZF96,Lymphocyte antigen 6 family member D,Rattus norvegicus (Rat),127,1,125,,InterPro:IPR042339
F7B610,UPAR/Ly6 domain-containing protein,Equus caballus (Horse),246,119,246,,InterPro:IPR042339
G1QKY9,UPAR/Ly6 domain-containing protein,Nomascus leucogenys (Northern white-cheeked gibbon),128,1,128,,InterPro:IPR042339
G3IKZ9,UPAR/Ly6 domain-containing protein,Cricetulus griseus (Chinese hamster),127,1,124,,InterPro:IPR042339
G3RKS8,UPAR/Ly6 domain-containing protein,Gorilla gorilla gorilla (Western lowland gorilla),128,1,128,,InterPro:IPR042339
G3TYP1,UPAR/Ly6 domain-containing protein,Loxodonta africana (African elephant),111,1,97,,InterPro:IPR042339
G5C8Y0,UPAR/Ly6 domain-containing protein,Heterocephalus glaber (Naked mole rat),130,1,130,,InterPro:IPR042339
G7N076,UPAR/Ly6 domain-containing protein,Macaca mulatta (Rhesus macaque),129,5,129,,InterPro:IPR042339
G7PD27,UPAR/Ly6 domain-containing protein,Macaca fascicularis (Crab-eating macaque),129,5,129,,InterPro:IPR042339
H0W9V6,UPAR/Ly6 domain-containing protein,Cavia porcellus (Guinea pig),122,1,116,,InterPro:IPR042339
H0XNS6,Snake toxin/toxin-like domain-containing protein,Otolemur garnettii (Small-eared galago),111,1,95,,InterPro:IPR042339
H0XZ56,UPAR/Ly6 domain-containing protein,Otolemur garnettii (Small-eared galago),127,1,127,,InterPro:IPR042339
H2QWT1,UPAR/Ly6 domain-containing protein,Pan troglodytes (Chimpanzee),128,1,128,,InterPro:IPR042339
I3MRR0,UPAR/Ly6 domain-containing protein,Ictidomys tridecemlineatus (Thirteen-lined ground squirrel),131,5,131,,InterPro:IPR042339
K7E147,UPAR/Ly6 domain-containing protein,Monodelphis domestica (Gray short-tailed opossum),117,1,117,,InterPro:IPR042339
L5KJD9,Lymphocyte antigen 6D,Pteropus alecto (Black flying fox),95,17,95,,InterPro:IPR042339
L8IEU0,UPAR/Ly6 domain-containing protein,Bos mutus (wild yak),128,1,128,,InterPro:IPR042339
L9KLR5,Snake toxin/toxin-like domain-containing protein,Tupaia chinensis (Chinese tree shrew),101,1,54,,InterPro:IPR042339
P35459,Lymphocyte antigen 6D,Mus musculus (Mouse),127,1,124,,InterPro:IPR042339
Q14210,Lymphocyte antigen 6D,Homo sapiens (Human),128,1,128,,InterPro:IPR042339
Q148C3,Lymphocyte antigen 6D,Bos taurus (Bovine),128,1,128,,InterPro:IPR042339
W5NU51,Uncharacterized protein,Ovis aries (Sheep),128,1,128,,InterPro:IPR042339
